Price,
8.54,
34.35,
77.35,
7.87,
8.73,
234.72,
157.58,
158.34,
279.23,
224.77,
206.64,
267.1,
277,
270.71,
266.68,
484.18,
68.17,
3875.49,
344.07,
78.78,
8,
26.04,
22.91,
17.24,
18.39,
35.22,
37.17,
25.81,
32.56,
87.35,
40.47,
78.4,
75.41,
247,
38.25,
46.21,
155.25,
28.65,
89.4,
134.98,
390.02,
170.58,
195.24,
13.79,
197.23,
140.97,
18.14,
684.7,
45.79,
18.4,
41.4,
98.84,
170.53,
289.8,
728.38,
17.8,
15.87,
14.21,
11.18,
11.04,
16.42,
9.94,
37.24,
39.77,
73.22,
230.21,
242.29,
23.29,
31.14,
104.88,
40.04,
44.31,
78.66,
28.74,
65.23,
22.68,
75.73,
189.09,
77.74,
74.64,
78.84,
80.34,
68.68,
157.15,
193.23,
186.59,
207.46,
207.68,
510.74,
103.72,
696.15,
1085.07,
2.99,
9.95,
3.39,
5.75,
8,
9.96,
7.98,
7.58,
44.89,
8.18,
5.74,
6.21,
6.56,
18.34,
270.86,
43.13,
43.13,
7.48,
3.25,
19.41,
28.84,
12.11,
176.99,
8.26,
43.78,
51.83,
605.58,
16.5,
195.03,
18,
97.51,
97.51,
18,
16.5,
135.02,
39.25,
89.92,
16.01,
89.92,
16.01,
104.08,
48.89,
84.73,
38.72,
23.69,
2.28,
4239.56,
3900.12,
5221.69,
120.55,
143.04,
279.55,
347.01,
169.9,
380.78,
463.11,
523.11,
626.5,
561.36,
680.19,
10.06,
286.01,
8.3,
21.58,
35.8,
177.02,
9.64,
6.2,
7.88,
14.96,
13.96,
13.23,
28.95,
3.94,
9.03,
146.48,
247.69,
2.67,
57.66,
130.85,
12.06,
28.47,
65.7,
351.85,
427.24,
90.19,
16.28,
33.2,
5.06,
6.1,
9.64,
3.11,
8.94,
32.29,
118.38,
38.24,
11.55,
5.45,
1.79,
7.89,
39.61,
63.63,
71.54,
273.36,
58.7,
20.04,
14.15,
2.68,
10.72,
7.82,
7.04,
5.3,
7.33,
4.31,
5.73,
103.41,
7.81,
7.87,
7.89,
7.64,
11.18,
4.42,
2.92,
6.13,
7.98,
7.05,
5.7,
4.7,
6.11,
9.86,
40.12,
3.76,
9.9,
260.98,
144.18,
26.55,
18.4,
17.68,
4.45,
9.03,
9.86,
11.25,
10.09,
23.28,
23.28,
21.3,
21.3,
21.3,
8.99,
45.09,
70.57,
27.49,
22.15,
57.52,
86.25,
34.15,
27.89,
82.49,
3.84,
19.07,
26.12,
9.52,
9.52,
9.52,
14.27,
14.2,
9.86,
10.02,
13.21,
306.15,
212.22,
74.77,
133.76,
4.58,
23.86,
16.35,
66.22,
33.52,
38.39,
87.52,
286.01,
72.66,
34.57,
29.54,
1.09,
22.32,
9.41,
12.16,
11.57,
19.62,
6.41,
27.17,
1.17,
10.55,
7.81,
61.64,
32.4,
115,
105.94,
51.64,
23.22,
142.18,
68.87,
23.94,
190.91,
16.41,
9.87,
11.04,
12.87,
7.44,
81.81,
1374.25,
33.68,
73.89,
5.21,
6.26,
5.08,
130.95,
34.9,
44.92,
42.49,
25.62,
29.66,
10.01,
33.02,
25.2,
7.05,
8.84,
16.68,
89.24,
19.25,
19.18,
3.84,
10.7,
16.69,
8.36,
1.97,
36.05,
310.63,
185.56,
9.23,
20.68,
38.11,
5.24,
4.51,
4.37,
2.76,
4.14,
3.36,
35.02,
78.1,
51.14,
10.79,
2.81,
3.14,
15.18,
6.67,
86.95,
11.8,
11.98,
66.77,
59.18,
51.35,
9.09,
6.04,
9.73,
21.28,
38.74,
14.59,
14.59,
32.22,
20.66,
11.72,
14.2,
16.36,
25.73,
10.32,
33.1,
231.15,
21.97,
31.94,
110.33,
32.56,
28.51,
53,
46.85,
51.19,
32.56,
17.7,
11.13,
13.7,
11.98,
14.78,
13.72,
21.8,
18.3,
25.85,
28.71,
47.63,
15.04,
65.55,
4.52,
4.82,
0.93,
1.9,
1.96,
12.41,
21.28,
14.86,
2.63,
7.04,
9.19,
10.33,
9.19,
68.78,
59.35,
57.44,
75.37,
89.64,
6.13,
77.1,
20.08,
119.15,
41.46,
18.03,
73.84,
109.81,
66.3,
72.41,
241.12,
6.68,
82.14,
77.14,
84.56,
55.62,
79.13,
22.21,
116.99,
116.99,
60.07,
85.68,
140.58,
35.36,
28.87,
106.17,
35.36,
45.9,
77.37,
78.64,
113.46,
131.97,
59.94,
108.69,
87.56,
20.98,
18.1,
81.8,
14.61,
132.87,
111.26,
137.82,
136.65,
139.74,
131.58,
46.49,
270.54,
207.94,
270.54,
41.32,
50.99,
21.08,
33.88,
2.61,
4.13,
1.78,
5.51,
1.64,
2.75,
1.64,
5.51,
7.58,
3.71,
7.41,
7.41,
10.99,
10.99,
7.02,
73.92,
625.26,
13.96,
188.13,
4.36,
8.86,
94.19,
68.87,
58.2,
44.14,
58.2,
0.66,
16.61,
5.23,
17.08,
69.14,
55.82,
124.97,
15.4,
56.32,
51.26,
70.37,
6.92,
11.19,
132.69,
127.04,
9.81,
12.95,
66.61,
21.7,
10.64,
3.68,
8.31,
2.65,
4.56,
13.26,
70.82,
10.44,
7.42,
9.57,
12.62,
20.85,
14.85,
23.21,
2.94,
6.57,
13.92,
23.22,
27.55,
34.57,
224.55,
33.37,
141.37,
1884.08,
300.73,
22.1,
17.33,
186.66,
409.31,
16.2,
13.78,
8.68,
39.61,
47.61,
44.11,
20.15,
30.16,
135.24,
22.57,
384.36,
 Black Oxide Finish. For installing captive screws and nut plates. Overall length of Assembly: 9-1/2 to 10-1/2 inches,
28.31,
3.47,
190.64,
25.05,
17.25,
135.77,
122.61,
144.73,
2.67,
4.97,
4.68,
1.27,
2.33,
240.51,
2.42,
47.62,
276.86,
44.11,
19.8,
8.08,
57.85,
64.68,
58.21,
21.43,
155.6,
48.22,
1.21,
270.1,
270.1,
45.7,
55.32,
2.84,
2940.28,
1602.81,
346.18,
160.51,
19.21,
142.95,
235.75,
0.61,
27.57,
44.13,
42.12,
62.61,
44.82,
47.05,
197.65,
275.14,
3.23,
3.34,
3.34,
2.53,
2.53,
3.23,
3.17,
2.48,
3.58,
53.5,
79.89,
116.64,
0.98,
128.96,
18.62,
16.18,
21.33,
29.2,
9.32,
41.11,
7.18,
16.12,
4.51,
7.42,
62.72,
7.48,
10.58,
37.89,
21.59,
51.76,
13.57,
58.99,
54.76,
5.93,
4.12,
485.73,
243.08,
543.92,
90.72,
54.87,
17.26,
15.34,
5.42,
11.08,
3.65,
6.33,
2.04,
1.17,
4.32,
2.64,
1.08,
1.06,
2.19,
36.86,
30.43,
2.99,
192.05,
15.38,
0.14,
0.13,
0.09,
31.72,
10.41,
21.8,
14.73,
79.94,
21.93,
19.98,
17.37,
14.5,
16.17,
15.66,
44.85,
39.72,
53.15,
435.47,
6.25,
756.62,
42.93,
33.57,
35.71,
36.82,
42.79,
54.33,
29.88,
1.25,
5,
9.05,
104.73,
17.4,
2.66,
109.11,
16.04,
9.7,
31.05,
130.53,
5.42,
214.59,
145.62,
21.26,
19.27,
53.81,
8.41,
0.59,
14.72,
1.94,
14.2,
1191.91,
620.13,
14.46,
2.6,
7.76,
7.23,
8.06,
10.29,
84.43,
45.61,
26.62,
1.64,
13.23,
18.97,
5.46,
7.42,
12.57,
10.12,
45.72,
8.12,
20.26,
128.93,
43.42,
6.19,
0.12,
5.14,
2.87,
2.74,
567.5,
5.81,
14.1,
15.8,
6.59,
24.77,
9.67,
6.03,
13.75,
16.62,
14.81,
39.99,
14.62,
57.27,
83.98,
14.87,
0.52,
13.92,
15.57,
110.84,
4.01,
220.44,
119.68,
3.12,
4.63,
61.51,
154,
154,
49.17,
8.86,
8.17,
11.94,
3,
1.24,
1.25,
2.27,
1.59,
5.95,
3.44,
4.16,
20.79,
4.68,
1.47,
12.44,
1.93,
40.37,
158.98,
2.15,
2.2,
2.2,
2.71,
3.11,
3.55,
3.76,
4.7,
5.7,
8.05,
8.02,
10.1,
11.46,
12.5,
13.71,
27.52,
6.34,
108.81,
15.67,
7.9,
0.92,
2.03,
84.19,
5,
3.44,
3.34,
3.07,
1.31,
59.82,
3.77,
1.66,
15.96,
1.28,
8.04,
1,
1,
19.53,
10.52,
2.27,
1.66,
6.01,
9.27,
1.37,
4.63,
11.48,
235.85,
2.74,
11.35,
9.28,
10.23,
15.88,
9.22,
19.07,
11.48,
8.64,
45.29,
51.09,
59.74,
79.75,
104.05,
301.19,
66.31,
12.68,
15.83,
3.46,
1.88,
1.48,
5.46,
8.71,
9.54,
16.82,
14.64,
7.82,
34.41,
2.9,
2.73,
2.76,
8.64,
14.27,
63.04,
44.36,
43.52,
1.54,
1.29,
56.64,
28.72,
2.13,
11.43,
8.31,
4.34,
44.69,
30.13,
20.7,
4.78,
5.09,
10.55,
23.86,
17.89,
2.63,
448.5,
174.95,
6.01,
3.6,
19.8,
27.61,
1.94,
1.92,
0.97,
0.97,
7.77,
26.37,
2.51,
40,
57.5,
4.34,
6.76,
2.38,
40.84,
1.74,
3.8,
7.21,
16.68,
12.98,
28.98,
34.6,
51.32,
126.05,
2.98,
13.63,
9.11,
6.39,
2.84,
7.64,
859.04,
19.5,
10.81,
60.29,
25.93,
35.54,
2.15,
3.79,
4.14,
11.19,
82.21,
71.24,
8.43,
16.33,
38.04,
207.76,
0.24,
144.36,
28.67,
44.11,
5.06,
32.56,
81.2,
21.29,
15.8,
15.88,
19.68,
18.62,
19.87,
21.02,
45.98,
45.48,
5.39,
2.15,
3.19,
37.59,
30.88,
119.91,
8.86,
16.36,
210,
14.29,
176.16,
30.53,
8.41,
10.34,
36.33,
27.31,
5.92,
21.19,
96.98,
4.22,
8.15,
146.44,
38.34,
20.63,
23.75,
12.96,
132.01,
109.95,
91.24,
28.43,
81.19,
34.04,
21.23,
7.21,
28.92,
46.93,
3.43,
12.77,
30.38,
28.22,
42.57,
60.74,
108.74,
9.09,
21,
20.7,
14.5,
30.23,
31.35,
1.27,
17.2,
44.94,
11.23,
2.63,
8.68,
10.83,
18.3,
8.67,
9.66,
51.73,
6.58,
461.93,
10.79,
8.2,
4.48,
56.24,
29.39,
17.17,
18.88,
27.47,
344.44,
66.86,
90.56,
6.01,
5.82,
7.83,
3.1,
2.63,
10.06,
2.91,
23.94,
40.62,
102.05,
4.4,
3.3,
3.55,
32.78,
41,
2.56,
3.38,
9.68,
2.06,
6.31,
77.09,
11.96,
34.93,
5.83,
10.2,
11.81,
20.11,
43.92,
79.46,
1.25,
54.65,
32.46,
6.13,
14.06,
16.49,
37.13,
122.61,
1.97,
10.53,
42.64,
222.28,
1918.59,
17.37,
70.69,
10.25,
10.47,
16.24,
18.4,
568.7,
7.61,
1321.53,
32.41,
21.77,
5.39,
18.41,
34.17,
8.35,
1.38,
3.83,
23.72,
3.24,
3.88,
8.45,
4,
26.37,
9.2,
35.77,
454.32,
31.26,
38.99,
21.19,
7.28,
3.82,
260.7,
188.67,
404.8,
11.19,
29.46,
16.04,
0.98,
0.98,
0.98,
0.98,
0.32,
0.57,
6.09,
177.17,
34.49,
17.75,
8.63,
3.02,
22.01,
3.99,
2.95,
256.72,
5.88,
10.24,
23.51,
16.32,
10.2,
27.75,
13.4,
78.2,
12.06,
16.27,
11.82,
8.4,
2.44,
2.73,
2.98,
1.48,
9.02,
524.32,
83.76,
31.74,
33.5,
51.2,
102.75,
22.92,
128.72,
235.62,
42.22,
81.36,
3.54,
34.54,
134.54,
9.27,
15.19,
17.54,
431.25,
12.25,
230.45,
353.31,
297.94,
416.05,
690,
18.5,
58.34,
55.2,
336.89,
2.15,
30.52,
87.94,
12.12,
103.44,
50.75,
21.47,
12.78,
8.04,
178,
42.35,
53.67,
24.45,
10.06,
13.41,
8.5,
10.28,
68.84,
2.82,
37.12,
87.86,
25.74,
123.25,
16.49,
42.35,
78.94,
19.58,
11.67,
2.92,
3.95,
93.08,
8.27,
78.2,
18.39,
8.64,
3.93,
99.74,
12.68,
0.97,
34.49,
22.71,
15.41,
3.25,
109.03,
27.57,
26.83,
3.05,
110.98,
53.1,
37.93,
10.08,
317.08,
5.1,
6.82,
10.93,
17.54,
33.06,
142.6,
372.19,
24.74,
1.45,
6.46,
104.97,
131.82,
38.03,
83.77,
1510.86,
0.23,
0.54,
173.82,
48.24,
34.67,
55.98,
23.35,
6.04,
15.49,
16.1,
31.67,
9.99,
79.93,
8.9,
15.25,
18.66,
16.53,
2.77,
4.51,
30.88,
17.08,
4.09,
3.19,
2.55,
1.94,
51.75,
158.98,
391.74,
5.9,
106.85,
20.59,
8.5,
557.31,
54.33,
6.93,
33.29,
119.52,
15.82,
30.56,
39.84,
28.38,
14.26,
15.26,
21.61,
8.82,
136.3,
140.28,
140.28,
0.6,
1.33,
1.33,
1.33,
1.33,
171.45,
44.39,
66.34,
6.42,
2.47,
1.25,
0.47,
15.51,
15.36,
72.5,
77.13,
2.69,
3.15,
1.76,
31.57,
151.82,
156.63,
8.54,
15.09,
107.25,
122.2,
12.63,
137.45,
3.31,
14.02,
12.93,
15.19,
17.04,
3.02,
5.3,
3.85,
8.77,
12.72,
4.01,
102.47,
23.83,
118.54,
0.76,
3.99,
6.46,
122.61,
22.71,
169.48,
13.37,
21.43,
173.5,
5.77,
113.85,
24.73,
76.67,
121.87,
68.08,
11.9,
6.36,
6.91,
1.24,
0.24,
32.05,
76.73,
2.89,
13.35,
14.27,
9,
5.32,
190.15,
131.82,
64.8,
5.64,
10.84,
43.38,
127.85,
10.24,
6.51,
9.05,
23.98,
23.12,
19.98,
5.32,
82.05,
5.45,
17.54,
7.8,
1.15,
1.36,
3.56,
1.64,
1.76,
25.88,
25.99,
0.1,
310.06,
665.04,
21.84,
9.81,
15.57,
12.06,
55.2,
85.78,
26.83,
34.5,
37.95,
44.16,
33.66,
10.41,
12.22,
27.77,
17.63,
25.52,
28.28,
58.39,
12.7,
32.65,
18.73,
16.24,
17.33,
7.73,
26.9,
4.58,
1.59,
1.35,
1.33,
70.37,
4.09,
88.46,
95.49,
53.3,
7.67,
70.37,
4.15,
24.37,
40.1,
51.41,
33.35,
44.74,
37.94,
36.26,
6.52,
6.67,
5.3,
5.12,
4,
2.29,
6.55,
4.95,
3.57,
391.16,
185.86,
14.52,
8.09,
40.92,
215.13,
9.89,
9475.85,
19.79,
61.51,
2.31,
9.02,
9.74,
59.65,
4.75,
4.75,
5.8,
4.75,
4.75,
1.24,
2.59,
11.25,
16.05,
71.6,
46.26,
0.83,
4.93,
21.75,
66.13,
8.6,
18.54,
285.93,
72.69,
89.63,
1611.6,
573.23,
46.16,
3.75,
69.15,
3.88,
3.59,
38.5,
40.02,
26.55,
90.28,
1.24,
14.29,
3.48,
3.46,
44.65,
9.78,
3.51,
21.67,
13.06,
162.43,
175.69,
4.74,
62.32,
111.69,
27.31,
16.16,
0.2,
4.29,
6.49,
124.2,
142.47,
16.47,
5.11,
70.28,
3.38,
3.45,
9.8,
12.2,
3.75,
2.98,
8.06,
12.39,
7.76,
10.67,
12.16,
15.56,
20.59,
9.06,
33.27,
31.33,
25.69,
17.25,
26.97,
50.82,
28.81,
56.6,
321.17,
30.25,
30.49,
38.93,
36.26,
25.73,
64.29,
24.6,
15.76,
7.29,
16.05,
15.65,
23.12,
23.12,
141.67,
4.31,
2.91,
7.99,
4.6,
16.38,
24.65,
70.76,
415.77,
21.81,
17.86,
10.14,
9.67,
23.24,
10.72,
12.04,
43.85,
3.75,
4.09,
24.21,
4.31,
8.18,
7.05,
7.07,
1.17,
6.7,
7.92,
1.51,
5.12,
19.45,
13.77,
20.39,
15.76,
9.62,
20.85,
12.21,
6.2,
467.16,
5.7,
6,
10.25,
2.5,
5.76,
8.34,
331.2,
4.65,
10.96,
6.61,
24.01,
26.34,
3.32,
97.18,
4.29,
6.13,
4.78,
39.61,
3.89,
124.91,
40.79,
140.37,
12.08,
3.13,
140.15,
19.59,
157.09,
86.43,
18.01,
185.02,
19.95,
423.8,
310.06,
4.93,
519.41,
199.77,
2.09,
71.86,
118.9,
129.9,
18.76,
170.78,
5.06,
12.13,
209.98,
7.08,
700.4,
582.77,
110.24,
67.51,
14.44,
1.87,
0.98,
87.35,
 Torque Head: interchanageable open end type. Type I: Bi-directional. Class 5: Interchangeable Head (Precise Clockwise Torque). Insure the proper torque is applied to all your nuts and bolts with these torque wr,
42.86,
3.29,
3.55,
3.84,
3.44,
144.9,
43.5,
190.47,
90.79,
21.24,
13.54,
52.03,
 Operation method: Impact,
33.34,
2.88,
17.25,
26.52,
875.15,
13.63,
14.56,
126.96,
61.1,
69.48,
72.5,
61.09,
67.61,
36.51,
18.25,
524.4,
21.75,
8.34,
24.38,
151.29,
15.62,
2.33,
15.33,
162.53,
4.27,
95.7,
894.23,
39.77,
190.01,
36.54,
1848.72,
1.24,
3.55,
69.93,
3.55,
4.27,
8.73,
0.69,
27.49,
10.21,
2.15,
3.7,
8.6,
8.6,
18.55,
46.1,
28.04,
13.78,
40.11,
62.25,
40.91,
10.32,
8.59,
2.74,
5.96,
38.27,
3.19,
1.98,
2.37,
2.76,
2.74,
3.7,
4.57,
4.03,
5.27,
5.5,
5.75,
6.27,
40.17,
4.29,
4.32,
13.43,
4.45,
3.94,
3.96,
4.4,
4.4,
4.4,
3.14,
15.25,
15.25,
15.25,
15.33,
15.53,
15.61,
4.63,
1.97,
2.29,
2.39,
2.39,
2.39,
2.76,
3.01,
23.52,
4.63,
22.1,
27.29,
21.85,
22.43,
3.27,
4.05,
11.89,
3.14,
2.52,
2.52,
2.52,
2.91,
15.44,
1.66,
1.66,
1.66,
18.04,
1.3,
1.3,
6.6,
1.83,
1.66,
1.3,
1.3,
1.3,
2.32,
2.37,
2.27,
17.78,
22.57,
18.04,
18.04,
18.04,
17.4,
6.93,
5.73,
3.17,
4.62,
19.77,
8.71,
12.36,
3.14,
12.49,
4.01,
5.62,
19.91,
6.99,
8.6,
2.53,
2.89,
6.46,
48.85,
43.59,
46.61,
21.68,
21.87,
31.46,
24.52,
30.05,
29.64,
36.18,
42.31,
48.11,
2.48,
23.07,
23.47,
23.47,
22.62,
22.62,
2.48,
2.53,
2.53,
2.53,
1.68,
1.78,
20.48,
5.99,
8.9,
9.32,
10.29,
5.75,
12.32,
13.33,
19.4,
3.13,
3.13,
3.13,
3.13,
3.85,
4.21,
5.05,
5.66,
59.77,
27.85,
111.64,
14.92,
6.45,
6.3,
7.65,
8.5,
11.29,
12.12,
14.95,
17.94,
21.64,
22.67,
26.59,
33.14,
24.74,
2.23,
2.28,
2.39,
2.89,
2.89,
3.66,
100.84,
7.43,
11.87,
13.27,
12.97,
16.99,
18.75,
16.95,
23.06,
25.54,
30.58,
31.03,
5.36,
12.45,
5.81,
4.05,
2.88,
17.65,
13.42,
4.95,
31.99,
61.61,
43.06,
20.57,
37.04,
36.89,
53.82,
41.31,
27.32,
4.98,
9.44,
5.34,
29.53,
10.88,
7.57,
9.12,
6.98,
19.72,
13.93,
14.81,
5.05,
57.79,
2.82,
2.21,
3.12,
42.48,
1.92,
5.46,
56.37,
3.25,
2.98,
21.08,
34.24,
42.57,
12.71,
13.22,
21.98,
107.69,
42.07,
104.26,
19.84,
62.64,
2.04,
2.12,
2.21,
2.5,
2.19,
2.19,
1.94,
1.94,
73.55,
12.11,
2.54,
2.83,
2.27,
2.94,
2.85,
3.11,
3.75,
15.08,
17.49,
17.19,
17.19,
17.19,
17.19,
17.16,
19.73,
18.25,
5.12,
2.86,
9.78,
3.09,
3.09,
3.43,
3.71,
3.96,
4.2,
13.82,
4.2,
4.62,
17.34,
7.85,
1.68,
1.68,
6.97,
2.07,
2.25,
2.53,
2.53,
2.32,
2.32,
2.32,
2.32,
2.32,
2.63,
2.63,
3.27,
1.44,
1.44,
1.44,
1.44,
1.44,
1.44,
1.44,
2.29,
17.94,
18.1,
17.94,
24.22,
1724.85,
23.05,
5.72,
17.23,
20.93,
1.97,
20.5,
9.5,
34.32,
53.38,
14.49,
4.01,
2.73,
2.73,
3.22,
3.99,
5.49,
6.19,
6.19,
6.56,
7.1,
7.59,
9.15,
38.91,
10.29,
12.31,
14.92,
18.14,
2.73,
15.53,
3.22,
3.22,
3.67,
3.67,
3.99,
4.78,
4.78,
5.49,
1.66,
2.28,
1.78,
3.04,
1.66,
2.28,
2.28,
129.97,
165.88,
305.02,
97.75,
1.23,
10.13,
2.51,
2.51,
2.51,
2.51,
2.51,
2.51,
2.51,
2.85,
174.54,
166.95,
163,
130.3,
74.91,
129.51,
171.67,
334.45,
229.82,
156.32,
135.77,
186.68,
169.28,
402.18,
1798.81,
24.94,
17.92,
12.13,
10.32,
47.81,
25.08,
8.48,
27.07,
15.38,
18.34,
37.39,
87.87,
2.51,
86.97,
489.04,
3.14,
4.58,
15.44,
129.96,
8.03,
18.42,
3.81,
9.95,
10.06,
79.93,
27.03,
21.97,
3.91,
4.51,
36.18,
125.01,
357.58,
63.23,
63.23,
69,
402.5,
158.61,
0.65,
7.83,
0.78,
1.07,
25.08,
21.93,
25.48,
30.36,
30.85,
43.03,
42.39,
56.51,
7.03,
4.45,
13.75,
23.37,
25.64,
26.51,
35.29,
63.34,
4.83,
18.37,
21.05,
51.7,
6.39,
13.16,
7.77,
2.85,
7.77,
12.74,
3.59,
4.14,
5.29,
27.56,
8.25,
3.01,
3.63,
3.63,
3.01,
16.05,
13.85,
6.93,
6.93,
6.93,
6.93,
10.78,
6.93,
15.25,
10.78,
9.29,
14.73,
15.25,
15.5,
21.8,
18.69,
7.35,
2.89,
4.91,
8.63,
3.17,
9.7,
2.08,
3.17,
4.14,
6.58,
6.54,
6.83,
18.76,
6.91,
4.26,
2.65,
9.65,
13.49,
12.69,
13.48,
15.47,
10.78,
12.42,
7.27,
14.75,
15.31,
55.58,
9.1,
15.5,
79.35,
0.89,
0.64,
0.24,
19.64,
10.56,
13.24,
0.42,
93.01,
17.02,
24,
11.58,
78.1,
195.53,
70.1,
40.65,
154.82,
82.49,
182.31,
75.33,
85.61,
232.14,
169.42,
158.64,
105.39,
20.93,
22,
4.65,
17.5,
19.12,
14.98,
19.73,
6.9,
51.74,
12.89,
14.26,
4.32,
4.35,
12.9,
19.14,
21.56,
5.01,
21.52,
9.13,
3.14,
50.52,
16.07,
37.2,
136.31,
142.03,
25.44,
4.09,
146.08,
161.39,
77.44,
42.43,
146.11,
137.53,
69.08,
296,
67.09,
194.35,
306.71,
21.99,
0.13,
1.06,
3.72,
15.41,
4.51,
2.91,
10.63,
2.32,
2.32,
1.46,
2.32,
2.91,
2.83,
3.45,
4.29,
3.32,
4.68,
4.6,
3.39,
1.68,
4.55,
3.75,
4.55,
3.39,
2.75,
7.56,
4.72,
2.3,
6.3,
3.6,
9.53,
6.52,
24.55,
4.24,
4.15,
3.6,
2.56,
2.79,
2.45,
2.71,
8.77,
10.97,
14.58,
598.91,
61.04,
6.19,
9.99,
45.83,
41.18,
62.17,
56.43,
57.58,
70.45,
6.44,
9.3,
26.24,
30.93,
66.47,
55.37,
7.45,
15.17,
28.07,
7.92,
35.9,
125.52,
247.5,
4.38,
120.49,
5.49,
554.3,
65.39,
773.08,
8.3,
4,
10.17,
12.62,
6.28,
9.13,
4.41,
5.29,
6.34,
14.75,
12.13,
13.41,
13.78,
16.91,
18.28,
26.45,
13.06,
42.84,
12.9,
21.9,
8.7,
10.56,
7,
4.37,
6.53,
3.04,
3.58,
2.32,
3.84,
3.36,
4.87,
13.97,
11.09,
11.03,
3.52,
3.36,
3.56,
3.7,
4.49,
3.77,
5.03,
6.09,
3.48,
5.19,
5.02,
4.46,
5.24,
4.7,
5.5,
5.3,
8.05,
19.34,
26.77,
14.35,
17.53,
8.26,
16.91,
27.83,
12.96,
49.37,
19,
22.24,
21.08,
4.19,
5.61,
4.43,
5.35,
5.45,
6.45,
6.5,
6.82,
6.9,
6.98,
9.05,
11.93,
10.41,
11.12,
18.44,
40.01,
65.22,
12.37,
14.01,
20.23,
11.21,
16.94,
5.5,
4.4,
7.79,
4.28,
5.35,
6.51,
5.32,
5.2,
5.2,
5.82,
5.82,
5.78,
6.07,
3.7,
86.1,
33.15,
33.92,
141.8,
75.18,
198.83,
116.94,
11.13,
14.49,
5.26,
6.02,
5.75,
408.49,
5.5,
23.84,
81.74,
3.98,
196.65,
79.75,
136.6,
27.58,
20.06,
18.8,
18.8,
17.55,
15.04,
20.06,
56.81,
82.28,
98.77,
4.96,
10.15,
6.19,
14.54,
24.67,
19.44,
8.3,
13.82,
23.98,
9.64,
1470.03,
9.57,
8.44,
8.12,
11.56,
10.3,
9.25,
17.64,
15.62,
4.4,
7.49,
8.27,
14.71,
12.26,
12.03,
7.12,
6.97,
6.07,
85.56,
68.26,
152.72,
26.75,
15.63,
22.47,
13.49,
23.46,
18.7,
90.49,
123.33,
3.99,
61.71,
16.42,
3.58,
15.6,
6.77,
8.64,
23.78,
18.06,
4.37,
9.5,
5.98,
14.17,
34.19,
1.58,
1.7,
3.31,
1.4,
103.98,
10.79,
3.35,
920,
151.95,
261.14,
2.98,
97.59,
2.98,
2.98,
81.11,
14.39,
27.36,
2.98,
2.77,
3.68,
905.97,
13.05,
11.91,
121.65,
12.41,
9.33,
68.57,
15.08,
2.08,
889.56,
134.79,
37.75,
0.53,
103.79,
69.97,
17.94,
6.19,
6.65,
8.74,
453.47,
31.5,
5.93,
12.9,
1563.76,
21.61,
59.02,
51.52,
1386.79,
543.61,
530.31,
154.09,
151.43,
264.53,
55.81,
18.39,
25.74,
217.96,
102.96,
84.4,
72.39,
81.89,
21.56,
38.27,
23.68,
108.72,
86.39,
34.33,
93.68,
231.24,
894.57,
306.62,
75.97,
312.66,
10.35,
21.79,
17.73,
20.53,
17.94,
67.55,
23.28,
24.01,
56.03,
157.64,
72.78,
4.63,
34.45,
46.01,
5.34,
12.48,
2.3,
2.64,
5.47,
3.73,
5.15,
5.44,
9.83,
8,
4.72,
7.8,
6.77,
4.9,
7.48,
7.48,
9.37,
4.35,
5.44,
4.35,
12.18,
9.74,
10.01,
6.37,
7.97,
6.12,
22.87,
27.29,
16.03,
3.98,
5.23,
5.17,
23,
131.22,
48.7,
136.7,
107.56,
150.67,
151.01,
44.91,
119.19,
778.63,
5.9,
2.2,
151.9,
24.94,
3.61,
3.06,
4.29,
2.83,
6.23,
5.98,
3.11,
5.34,
7.84,
8.16,
2.83,
14.82,
18.27,
14.11,
48.3,
14.93,
23.38,
14,
3.48,
4.72,
8.77,
4.4,
2.12,
11.66,
4.28,
10.49,
10.97,
6.18,
43.65,
146.25,
51.18,
58.1,
40.71,
33.29,
14.38,
61,
3.14,
9.81,
14.82,
7.28,
11.48,
53.95,
4.45,
5.67,
478.73,
447.4,
11.34,
3.25,
67.95,
187.02,
3.37,
7.33,
535.21,
65.9,
349.39,
86.35,
73.51,
14.58,
18.57,
8.08,
6.47,
13.36,
9.98,
21.84,
29.56,
15.34,
1051.65,
24.77,
40.3,
36.63,
109.38,
55.46,
11.5,
278.84,
77,
80.44,
19.1,
15,
45.35,
10.59,
20.29,
20.29,
69.32,
53.03,
11.3,
17.36,
13.54,
19.22,
20.35,
15.19,
29.68,
27.04,
11.8,
3.35,
15.66,
58.11,
6.54,
56.35,
84.53,
145.37,
83.75,
126.56,
78.58,
225.48,
86.99,
64.81,
89.07,
198.03,
86.11,
72.87,
26.12,
14.13,
70.62,
134.55,
131.56,
57.23,
45.1,
102.2,
115.95,
147.72,
279.19,
55.95,
165.01,
26.87,
60.58,
11.78,
12.24,
10.51,
33.1,
147.8,
80.46,
17.54,
4.86,
176.47,
10.78,
14.15,
10.44,
10.55,
29.01,
15.18,
15.96,
13.23,
19,
12.88,
12.77,
11.81,
10.93,
238.02,
384.27,
12.69,
73.84,
47.87,
140.35,
143.59,
2714.56,
18.3,
62.59,
50.31,
169.47,
32.62,
7.58,
21.34,
8.16,
15.21,
15.95,
4.21,
3.54,
59.89,
22.76,
24.83,
77.57,
30.35,
46.51,
93.07,
24.83,
30.35,
53.12,
9.59,
49.56,
14.53,
918.05,
7.22,
46,
60.67,
37.82,
37.63,
36.79,
27.13,
35.37,
27.82,
42.75,
32.51,
32.41,
40.56,
34.34,
39.34,
29.51,
60.15,
25.9,
38.32,
185.38,
21.05,
48.82,
4.12,
8.51,
72.93,
67,
73.21,
16.33,
18.45,
9.65,
12.06,
12.78,
10.64,
7.4,
124.88,
47.9,
160.75,
15.11,
16.86,
15.66,
19.02,
22.74,
20.22,
23.94,
28.81,
20.36,
35.4,
14.34,
24.12,
14.78,
15.06,
25.26,
214.79,
18.54,
16.86,
4.19,
31.98,
33.29,
5.96,
3.96,
12.39,
0.58,
123.15,
3.15,
14.66,
1.92,
214.05,
251.23,
2720.43,
428.92,
293.18,
209.83,
160.49,
479.39,
187.98,
307.35,
6.33,
4.51,
773.88,
42.65,
546.81,
3.28,
2.04,
3.57,
3.9,
3.92,
4.62,
11.29,
11.02,
13.03,
8.97,
13.47,
13.72,
15.99,
5.45,
8.86,
9.99,
11.47,
15.05,
68.3,
9.33,
1.35,
1.35,
3.29,
1.04,
1.04,
1.04,
5.15,
2.81,
10.78,
14.87,
19.69,
14.1,
21.28,
15.79,
166.73,
149.68,
146.28,
63.03,
17.78,
11.91,
14.27,
103.5,
207.57,
256.73,
797.81,
2.47,
13.23,
12.9,
3.36,
4.4,
4.23,
2.97,
95.29,
103.44,
71.82,
4547.77,
10.37,
327.75,
3.63,
29.11,
43.61,
250.75,
2841.18,
2.53,
28.78,
136.74,
16.46,
17.05,
14.1,
5.95,
4.22,
50.21,
461.5,
224.83,
23.86,
185.74,
178.39,
615.64,
102.93,
3.44,
7.38,
7.38,
7.38,
0.26,
10504.57,
5.07,
177.7,
7.38,
1.81,
18.03,
9176.7,
1.43,
2.02,
1.58,
2.02,
2.07,
4.23,
118.46,
106.59,
294.47,
6.43,
105.28,
120.78,
216.19,
304.37,
368.45,
433.25,
78.96,
215.05,
204.65,
488.81,
155.23,
197.97,
62.28,
13.51,
14.77,
539.17,
323.1,
370.12,
82.16,
157.14,
62.28,
61.7,
719.01,
639.87,
124.48,
427.56,
44.91,
582.37,
4.05,
4.15,
2.92,
4.69,
4.96,
6.5,
2.55,
16.56,
613.58,
1081.2,
247.77,
4.32,
4.67,
8.89,
188.85,
5.45,
11.17,
9.36,
10.7,
44.91,
4.86,
152.38,
11.03,
1.04,
54.95,
4088.25,
297.83,
232.12,
92.49,
95.43,
163.3,
10.17,
37.73,
2932.44,
131.22,
240.6,
10.73,
13.65,
259.86,
608.18,
426.52,
462.52,
28.73,
268.76,
12.54,
359.84,
22.61,
2328.08,
3.14,
3.3,
7.36,
6.26,
2.67,
3.48,
3.99,
4.07,
10.59,
9.14,
4.63,
2.24,
2.24,
2.29,
3.55,
7.59,
11.48,
2.92,
2.92,
3.01,
3.01,
3.01,
3.35,
3.48,
4.63,
4.63,
5.12,
6.06,
7.77,
7.77,
8.07,
10.07,
3.52,
4.37,
2.66,
15.62,
19.7,
21.92,
13.1,
11.89,
18.24,
82.09,
95.43,
331.19,
636.96,
3.16,
192.82,
611.58,
14.15,
5.59,
98.77,
0.87,
1.64,
26.04,
894.51,
281.75,
322.37,
13.33,
28.41,
9.74,
7.11,
0.65,
209.76,
418.19,
582.02,
251.01,
364.5,
75.14,
132.1,
2343.06,
1212.72,
222.63,
332.5,
290.3,
546.25,
269.1,
211.6,
164.83,
189.06,
391.76,
297.11,
296.79,
69.26,
2.71,
7.67,
11.32,
11.44,
8.05,
292.82,
49.44,
57.72,
10.22,
17.58,
17.4,
28.85,
909.02,
359.79,
684.49,
249.44,
20.67,
617.85,
270.25,
270.78,
197.52,
611.69,
280.62,
373.69,
39.96,
1098.25,
1276.9,
281.28,
624.8,
3.25,
3.25,
3.25,
409.4,
454.01,
178.69,
7.79,
36.86,
64.39,
93.16,
531.73,
140.08,
6.41,
17.98,
18.61,
4.3,
5.52,
29.74,
19.54,
14.61,
5.52,
5.61,
5.52,
5.52,
10.34,
8.43,
11.32,
11.32,
10.21,
8.79,
10.21,
8.79,
9.66,
8.36,
8.83,
8.83,
7.27,
7.59,
6.35,
5.93,
5.06,
5.93,
4.95,
8,
6.07,
5.93,
5.93,
5.93,
9.88,
19.98,
20.21,
20.37,
22.11,
23.3,
8.96,
25.17,
16.64,
4.43,
11.78,
15.26,
9.43,
5.03,
4.37,
4.65,
4.83,
4.73,
5.38,
5.16,
5.75,
5.96,
6.39,
6.98,
8.73,
10.45,
11.79,
12.52,
13.65,
18.14,
18.5,
11.2,
12.01,
12.85,
13.49,
14.41,
21.13,
15.82,
16.46,
48.12,
26.3,
26.59,
27.19,
27.83,
32.03,
32.13,
39.99,
45.46,
44.94,
45.47,
50.72,
51.62,
73.08,
88.06,
118.7,
127.06,
9.32,
4,
13.42,
13.94,
5.06,
9.53,
7.89,
16.84,
13.8,
20.78,
25.08,
11.09,
10.68,
10.91,
18.14,
15.17,
26.54,
33.61,
63.65,
4.13,
14.55,
38.1,
470.06,
10.52,
16.97,
24.44,
33.53,
29.39,
22.31,
34.26,
112.16,
39.32,
27.13,
26.6,
4.28,
35.6,
32.25,
38.36,
28.98,
303.6,
9.59,
18.52,
7.85,
62.41,
50.3,
43.99,
35.51,
22.23,
12.33,
11.29,
11.45,
11.99,
9.57,
6.56,
6.56,
47.06,
66.31,
21.05,
26.31,
34.37,
8.96,
14.65,
21.52,
31.41,
46.12,
45.83,
11.37,
14.26,
2.42,
16.95,
11.5,
8.86,
10.47,
352.72,
44.82,
18,
3.43,
51.29,
94.88,
64.52,
51.11,
46.97,
59.09,
390.24,
6.38,
953.58,
17.7,
40.92,
7.69,
7.69,
7.69,
9.83,
7.69,
44.49,
46.4,
9.33,
7.69,
12.77,
7.69,
44.49,
46.4,
11.25,
8.15,
9.57,
7.15,
4.99,
20.04,
33.15,
7,
14.26,
1.81,
3.47,
3.06,
2.96,
11.3,
3.13,
4.16,
9.12,
7.44,
3.01,
8.04,
5.64,
18.14,
3.59,
3.58,
5.21,
20,
4.95,
8.89,
62.38,
4.52,
9,
3.5,
4.15,
3.06,
8.12,
3.48,
4.72,
7.56,
4.05,
7.12,
3.62,
3.88,
4.17,
8.15,
4074.56,
2.81,
3.28,
9.57,
779.6,
807.86,
640.78,
37,
3.07,
3.2,
3.5,
3.02,
4.08,
4.17,
2.89,
5.21,
4.75,
3.09,
4.75,
2.89,
5.03,
5.26,
4.12,
4.54,
17.11,
13.25,
3.07,
4.51,
3.67,
7.69,
7.67,
6.04,
17.64,
13.25,
16.54,
7.12,
2.1,
12.56,
6.76,
12.5,
5.53,
7.88,
10.7,
6.87,
182.28,
54.46,
7.72,
23.68,
33.03,
16.2,
18.4,
19.75,
2.92,
10.8,
14.02,
5.13,
13.85,
14.26,
414.93,
15.93,
4.26,
2.39,
2.96,
9.95,
319.08,
168.48,
183.43,
313.38,
341.55,
26.43,
459.56,
10.64,
28.29,
28.29,
73.72,
121.9,
138,
15.23,
154.96,
28.62,
402.43,
18.55,
18.06,
161,
25.45,
66.64,
266.23,
158.7,
23.1,
23.1,
60.78,
298.84,
199.92,
27.24,
10.13,
848,
560.38,
26.29,
75.78,
250.7,
1872.11,
419.11,
375,
10.65,
2.39,
762.3,
89.78,
200.39,
1460.01,
25.07,
43.27,
103.29,
31.17,
23.34,
1295.96,
3809.82,
452.81,
400.46,
452.81,
66.86,
65.32,
187.13,
53.79,
90.85,
515.42,
79.18,
113.85,
145.46,
85.04,
122.04,
116.61,
81.78,
141.74,
81.6,
1297.73,
287.5,
294.14,
153.5,
119.24,
131.1,
730.83,
93.87,
122.85,
427.73,
26.73,
2012.5,
1476.6,
186.3,
100.9,
67.28,
117.55,
145.04,
117.55,
117.55,
145.04,
85.1,
899.42,
58.42,
7042.14,
875.44,
1726.73,
84.77,
577.99,
38.51,
53.34,
81.29,
2659.38,
107.28,
258.13,
111.69,
301.77,
1638.93,
145.41,
158.19,
133.97,
136.95,
165.22,
174.65,
155.64,
199.31,
85.43,
1566.59,
449.1,
556.66,
18.98,
420,
10.8,
135.02,
11.12,
129.94,
6.27,
33.07,
12.65,
3629.96,
234.75,
14.55,
14.94,
88.87,
13.29,
82.87,
75.73,
302.28,
39.66,
5.34,
59.98,
28.98,
20.06,
73.97,
86.16,
106.87,
10.58,
10.58,
67.33,
854.5,
269.27,
261.21,
240.61,
182.57,
163.29,
41.46,
26.78,
17.93,
85.99,
24.06,
55.42,
197.86,
5.42,
2245.32,
237.51,
16.1,
1.84,
68.16,
303.98,
21.51,
5.03,
20.36,
1311.55,
22.11,
21.16,
55.19,
25.91,
6.81,
108.2,
144.39,
14.7,
171.93,
142.59,
2.16,
70.04,
21.26,
29.57,
623.71,
214.07,
77.22,
11.94,
152.57,
165.66,
59.01,
13.11,
27.23,
16.16,
8.17,
192.57,
3.65,
19.25,
4.78,
60.66,
620.79,
25.94,
644.63,
149.45,
2.65,
8.91,
371.98,
775.03,
38.66,
125.55,
89.69,
35.75,
20.53,
731.77,
10.64,
21.28,
282.24,
1467.04,
78.76,
101.84,
3.88,
149.45,
70.99,
595.15,
242.17,
83.96,
111.6,
216,
233.69,
426.24,
551.43,
160.31,
18.23,
4.43,
130.56,
199.97,
459.9,
4108.63,
14.72,
20.49,
20.46,
1026.9,
196.05,
268.08,
342.79,
24.38,
202.58,
24.39,
58.55,
342.48,
1138.49,
5.29,
329.48,
486.25,
4.77,
291.75,
177.86,
195.08,
8.17,
142.56,
198.3,
16.41,
206.39,
20.22,
115.89,
182.28,
252.35,
387.62,
19.61,
8.63,
228.43,
174.19,
229.67,
115.28,
12.59,
11.34,
61.32,
210.05,
33.93,
14.55,
11.36,
26.9,
11.83,
12.72,
11.47,
542.8,
5.9,
19.47,
22.85,
11.25,
7.6,
5.75,
7.26,
18.27,
301.43,
29.82,
81.08,
3.85,
53.79,
36.88,
151.9,
25.15,
3.02,
181.91,
166.35,
124.83,
288.64,
2.47,
8.05,
9.2,
12.65,
4.78,
19.41,
7.88,
37.28,
2.19,
2.76,
4.59,
3.73,
17.55,
1.96,
16.24,
4.49,
3.34,
4.14,
80.26,
80.11,
78.76,
11.15,
11.15,
6.61,
11.14,
11.26,
11.37,
10.33,
10.83,
6.45,
9.06,
8.96,
2.28,
11.48,
2.89,
72.82,
95.17,
7.92,
33.38,
34.97,
5.98,
6.34,
3.29,
3.34,
159.76,
4.49,
3.37,
25.65,
2.63,
18.29,
4.54,
2.71,
47.08,
18.29,
5.92,
1.24,
17.94,
35.62,
10.99,
48.97,
50.89,
93.01,
3.45,
3.82,
8.02,
46.47,
49.39,
14.34,
58.66,
30.26,
32.09,
883.2,
861.35,
18.81,
48.27,
71.2,
20.04,
17.26,
62.35,
37.54,
63.47,
106.98,
129.15,
39.22,
51.98,
194.16,
92.53,
66.82,
30.42,
4.08,
19.83,
22.94,
113.26,
49.94,
136.78,
14.55,
8.5,
20.13,
68.92,
37.01,
2.55,
26.73,
49.37,
26.62,
49.37,
25.97,
37.23,
88.19,
92.93,
31.5,
93.64,
94.61,
88.19,
88.19,
31,
35.82,
44.72,
42.27,
113.64,
82.19,
97.81,
105.46,
55.32,
18.94,
4.6,
37.92,
169.88,
116.42,
116.42,
194.45,
116.96,
23.58,
27.96,
20.21,
20.21,
204.99,
204.99,
204.99,
204.99,
268.71,
268.71,
268.71,
273.34,
334.86,
334.86,
334.86,
334.86,
334.86,
334.86,
338.1,
22.52,
20.21,
20.21,
20.21,
23.29,
28.88,
19.48,
19.49,
19.49,
19.35,
19.35,
19.35,
473.17,
473.17,
473.17,
473.17,
20.21,
30.07,
23.19,
27.45,
334.86,
25.88,
24.15,
25.15,
35.65,
24.15,
25.86,
27.74,
18.58,
16.6,
31.05,
24.15,
14.55,
20.85,
14.35,
459.54,
21.62,
37.95,
1518,
27.24,
27.24,
27.24,
21.19,
21.19,
33.29,
21.19,
33.29,
33.29,
21.19,
45.4,
33.29,
45.4,
33.29,
33.29,
45.4,
27.24,
33.29,
45.4,
92.6,
132.78,
72.24,
18.53,
18.49,
17.25,
14.42,
22.1,
11.25,
7.34,
303.04,
13.27,
24.33,
17.08,
218.5,
38.99,
61.4,
33.87,
44.05,
30.25,
7.73,
7.73,
140.3,
170.2,
188.8,
9.52,
23.4,
5.73,
7.04,
9.14,
22.98,
26.91,
16.58,
10.43,
20.29,
77.34,
27.01,
85.79,
157.3,
39.35,
32.72,
84.13,
40.16,
91.87,
3.34,
11.66,
10.49,
2.93,
2.53,
0.94,
3.82,
5.19,
2.18,
6.08,
7.19,
10.25,
4.58,
24.79,
32.4,
24.99,
9.18,
33.3,
18.13,
19.71,
41.39,
76.98,
152.95,
36.81,
54.72,
57.71,
6.69,
8.72,
11.94,
10.86,
10.03,
11.47,
16.89,
24.85,
11.24,
14.25,
14.25,
14.25,
20.29,
14.25,
22.55,
28.69,
127.44,
16.88,
16.76,
41.52,
20.54,
16.88,
20.54,
54.25,
20.54,
56.17,
16.88,
56.17,
56.17,
53.35,
139.52,
53.56,
13.09,
7.56,
4,
14.38,
14.38,
14.38,
14.38,
14.38,
1.33,
74.29,
37.94,
27.99,
16.89,
139.83,
328,
72.31,
361.93,
18.79,
22.29,
16.43,
21.79,
19.61,
24.52,
22.29,
21.79,
22.29,
16.43,
16.79,
22.29,
22.29,
71.23,
16.79,
71.23,
16.5,
16.5,
16.5,
16.5,
16.5,
21.91,
62.1,
21.91,
21.91,
21.91,
62.1,
21.91,
23.63,
21.91,
19.84,
16.79,
73.68,
31.13,
36.39,
31.13,
31.13,
36.39,
32.82,
72.22,
72.22,
71.07,
41.08,
28.75,
31.13,
28.75,
28.75,
36.39,
36.46,
52.3,
45.14,
87.3,
87.3,
31.67,
26.22,
26.22,
21.39,
21.39,
81.05,
76.52,
48.74,
44.21,
30.75,
25.93,
25.93,
30.75,
13.74,
44.13,
35.89,
28.68,
35.96,
23.4,
60.92,
64.63,
65.9,
69.61,
30.62,
30.61,
38.78,
4.03,
188.29,
3.44,
18.43,
18.43,
6.43,
23.46,
78.08,
32.2,
99.34,
112.7,
115.29,
13.56,
160.99,
990.89,
155.18,
19.07,
229.13,
31.33,
1.5,
197.4,
36.4,
72.17,
72.17,
72.16,
16.65,
67.84,
35.02,
72.16,
72.18,
24.62,
72.16,
3.31,
46.58,
125.35,
167.9,
16.66,
10.22,
40.3,
86.89,
65.17,
98.23,
698.52,
45.83,
112.39,
22.03,
733.7,
172.5,
4.72,
29.93,
119.6,
45.24,
61.69,
32.95,
88.06,
4.48,
348.21,
15.41,
15.25,
7.36,
1.62,
1.58,
1.62,
4.73,
58.05,
141.24,
12.12,
14.82,
12.19,
66.86,
11.74,
7.83,
1.77,
13.29,
8.11,
137.42,
6.35,
7.89,
17.17,
6.44,
17.75,
9.64,
12.66,
11.14,
10.48,
22.71,
16.71,
18.69,
31.2,
22.28,
25.09,
31.05,
40.24,
16.27,
19.15,
22.95,
22.28,
25.09,
28.9,
118.85,
50.51,
44.56,
54.87,
117.74,
120.95,
125.18,
95.47,
59.14,
56.24,
58.75,
56.24,
75.81,
96.89,
82.51,
50.72,
98.93,
115.35,
68.36,
41.61,
17.46,
56.97,
60.21,
63.43,
132.46,
81.5,
143.8,
270.41,
205.05,
156.93,
178.09,
194.49,
234.61,
214.66,
30.9,
126.4,
90.97,
135.85,
44.7,
62.11,
64.22,
52.86,
51.31,
65.3,
66.04,
34.89,
51.38,
58.82,
67.19,
72.08,
372.03,
218.16,
276.23,
300.12,
73.66,
70.12,
32.97,
71.89,
66.77,
57.8,
76.76,
45.86,
55.96,
64.83,
63.8,
66.37,
51.04,
77.57,
68.1,
69.93,
74.72,
81.69,
61.12,
71.98,
68.7,
145.64,
100.6,
57.45,
57.45,
88.47,
68.7,
103.41,
74.55,
74.55,
100.6,
108.74,
103.41,
71.98,
81.11,
108.74,
49.52,
81.11,
88.46,
49.52,
145.64,
74.55,
100.6,
68.7,
71.98,
68.7,
74.55,
74.55,
100.6,
100.6,
71.98,
71.98,
57.45,
57.45,
103.41,
88.46,
108.74,
49.52,
103.41,
49.52,
88.46,
49.52,
88.46,
145.64,
57.45,
81.22,
103.41,
81.11,
108.74,
108.74,
81.11,
145.64,
145.64,
68.7,
67.78,
68.61,
72.04,
67.65,
60.41,
67.65,
56.01,
66.77,
69.43,
56.94,
49.71,
72.11,
79.2,
66.47,
62.42,
60.46,
60.63,
73.43,
86.57,
65.14,
81.28,
84.5,
97.2,
85.92,
99.16,
81.25,
97.2,
84.88,
99.14,
91.62,
84.87,
81.22,
90.28,
99.13,
97.21,
82.56,
92.87,
86.34,
100.91,
98.9,
93.75,
93.78,
93.77,
95.14,
383.85,
287.79,
226.47,
298.08,
107.58,
203.55,
256.45,
218.7,
4227.97,
6848.25,
891.28,
485.3,
189.81,
189.81,
121.89,
936.17,
915.45,
1053.46,
1096.28,
936.17,
936.17,
1053.46,
1307.38,
972.56,
856.16,
124.53,
124.53,
121.89,
154.91,
154.91,
1020.25,
1020.25,
1079.52,
511.67,
813.5,
731.86,
2577.31,
1936.83,
1659.49,
1038.89,
1945.07,
2370.66,
5073.43,
5073.43,
3725.54,
474.51,
4176.84,
6848.25,
6848.25,
983.49,
983.49,
4206.3,
1021.55,
1015.4,
1664.28,
2404.31,
1924.86,
1968.32,
2548.06,
2532.13,
1921.92,
983.49,
1914.96,
5923.14,
6348,
1645.7,
3725.54,
951.14,
3725.54,
7975.01,
3209.42,
3133.46,
7219.13,
7607.45,
3133.46,
2376.36,
915.45,
1373,
1053.46,
1096.28,
944,
104.37,
92.37,
154.91,
1082.77,
2500.02,
2690.16,
3556.82,
862.9,
3118.8,
2899.31,
960.28,
2217.79,
1073.4,
839.12,
1965.03,
1807.23,
1016.26,
1526.68,
1581.83,
2495.02,
2411.38,
2610.32,
3008.11,
3034.69,
3202.75,
2043.38,
1999.62,
1999.62,
7609.67,
7555.5,
8198.63,
1897.5,
1897.5,
4245.03,
4439,
4439,
52.56,
80.22,
119.97,
271.53,
404.71,
405.13,
494.24,
361.72,
451.49,
1777.78,
1785.16,
1821.26,
1821.26,
1912.55,
1821.26,
1054.61,
1034.47,
2899.31,
2909.22,
1006.93,
1595.57,
1526.68,
846.25,
1569.6,
2328.22,
971.86,
1700.69,
2191.18,
1911.16,
2825.42,
1570.52,
1570,
688.83,
3434.93,
1763.38,
1649.41,
809.06,
1912.84,
1570,
1754.85,
1258.66,
45.41,
28.57,
2147.46,
2089.01,
35.05,
5021.67,
45.03,
1487.28,
1487.28,
1496.01,
1487.28,
2043.64,
1946.49,
2272.4,
2312.85,
1413.35,
1413.35,
1988.68,
2166.37,
2305.83,
2349.51,
1437.75,
1473.45,
1359.3,
1453.73,
3170.8,
3582.65,
3170.8,
3412.05,
2304.43,
1989.75,
1989.75,
1989.75,
2304.43,
2149.05,
2199.84,
2304.43,
3628.64,
3759.26,
3498.01,
2276.01,
2859.51,
2859.51,
2859.51,
3340.08,
3529.32,
2393.05,
3529.32,
3923.83,
3923.83,
3340.08,
3060.76,
2496.06,
2496.06,
3242.54,
2393.05,
2393.05,
2496.06,
3923.83,
60.25,
222.43,
119.68,
55.48,
489.88,
286.7,
469.58,
436.7,
300.83,
417.98,
289.54,
287.01,
1242.23,
5996.45,
3477,
3267.47,
3477,
6178.78,
6429.1,
10829.78,
6667.22,
3547.75,
6617.15,
3267.47,
5894.43,
3041.69,
6178.78,
6379.46,
5996.45,
11187.38,
11340.84,
60.06,
290.4,
500.28,
52.01,
63.17,
56.98,
92.48,
98.34,
82.08,
364.03,
40.18,
487.65,
394.91,
127.05,
436.7,
390.47,
125.5,
419.51,
467.21,
127.05,
122.48,
125.5,
122.48,
133.96,
267.67,
198.4,
198.4,
198.4,
281.68,
269.5,
120.96,
110.98,
123.46,
119.69,
258.89,
8688.25,
8688.25,
2302.3,
2785.48,
5978.14,
6314.88,
6342.25,
6342.25,
3732.69,
3858.25,
2924.22,
2924.22,
3757.8,
2785.48,
2302.3,
2304.43,
2393.05,
1989.75,
2496.06,
3242.54,
2149.05,
4174.16,
2859.51,
3060.76,
3498.01,
7365.75,
7618.52,
2846.48,
1385.75,
2846.48,
8006.02,
7365.75,
1866.2,
8006.02,
1866.2,
7618.52,
2224.56,
3440.89,
2092,
6067.69,
1258.22,
3042.62,
2305.12,
2961.25,
1568.54,
2092,
3596.37,
922.53,
2961.25,
3042.62,
2305.43,
6313.5,
5711.48,
1155.75,
1866.2,
1494.29,
5711.48,
2899.21,
961.77,
6313.5,
2535.75,
3082,
2517.58,
1928.38,
4874.9,
1679,
3082,
6069.7,
2626.31,
2107.09,
4651.75,
2271.25,
8849.2,
2626.31,
1984.16,
3082,
8849.2,
3050.15,
2224.56,
7289.62,
3050.15,
3596.37,
3440.89,
3289,
7289.62,
2707.74,
7289.62,
6708.36,
6398.6,
4874.9,
7365.75,
6152.5,
2707.74,
4255,
8544.5,
4255,
10877.62,
10114.25,
9959.46,
5593.69,
5487.06,
1939.85,
5433.75,
5520.69,
2340.14,
1919.02,
1939.85,
6399.75,
2966.24,
6708.36,
2892.9,
3111.99,
1568.54,
6399.75,
4114.24,
7181.75,
7181.75,
7061,
7181.75,
7061,
6066.25,
4318.25,
4995.69,
4318.25,
4995.69,
5073.43,
7061,
6187,
4378.56,
4300.82,
3647.8,
3647.8,
3647.8,
5432.23,
5354.49,
4378.56,
4300.82,
5432.23,
6221.5,
4318.25,
6221.5,
5354.49,
6066.25,
4378.56,
5432.23,
4300.82,
5354.49,
 walnut finish. High back traditional style office chair.,
852.82,
704.94,
739.44,
525.46,
222.18,
991.89,
957.39,
991.89,
957.39,
852.82,
852.82,
630.4,
630.4,
664.9,
630.4,
630.4,
630.4,
664.9,
630.4,
630.4,
630.4,
664.9,
630.4,
664.9,
630.4,
660.88,
675.31,
626.38,
626.38,
626.38,
675.31,
626.38,
626.38,
675.31,
675.31,
675.31,
675.31,
692.56,
675.31,
626.38,
675.31,
632.13,
675.31,
675.31,
49.34,
92.53,
626.38,
360.19,
63.31,
342.94,
118.15,
405.08,
128.67,
52.35,
366.85,
405.08,
527.42,
25.44,
122.44,
405.08,
492.92,
405.08,
527.42,
405.08,
405.08,
405.08,
492.92,
492.92,
422.33,
405.08,
527.42,
492.92,
405.08,
492.92,
422.33,
399.8,
405.08,
299.59,
492.92,
399.8,
299.59,
405.08,
527.42,
399.8,
299.59,
399.8,
299.59,
852.82,
301.59,
399.8,
887.32,
301.59,
299.59,
399.8,
318.84,
299.59,
405.08,
852.82,
417.05,
301.59,
296.31,
301.59,
887.32,
301.59,
301.59,
852.82,
316.84,
299.59,
301.59,
299.59,
313.56,
852.82,
296.31,
299.59,
318.84,
299.59,
296.31,
299.59,
313.56,
301.59,
852.82,
296.31,
316.84,
301.59,
852.82,
296.31,
318.84,
301.59,
399.8,
301.59,
316.84,
296.31,
296.31,
399.8,
649.05,
296.31,
614.55,
294.3,
649.05,
294.3,
399.8,
614.55,
311.55,
399.8,
645.91,
296.31,
855.07,
626.38,
399.8,
614.55,
645.37,
820.57,
626.38,
614.55,
645.37,
820.57,
610.87,
610.87,
626.38,
820.57,
296.31,
610.87,
645.37,
626.38,
820.57,
296.31,
610.87,
296.31,
626.38,
614.55,
645.37,
610.87,
610.87,
820.57,
645.37,
820.57,
820.57,
820.57,
649.05,
610.87,
610.87,
820.57,
458.06,
820.57,
614.55,
610.87,
692.56,
423.56,
820.57,
614.55,
692.56,
614.55,
675.31,
820.57,
855.07,
614.55,
423.56,
423.56,
649.05,
423.56,
492.92,
423.56,
499.16,
492.92,
424.88,
423.56,
499.16,
492.92,
423.56,
424.88,
459.38,
423.56,
492.92,
424.88,
499.16,
481.91,
575.78,
424.88,
424.88,
499.16,
481.91,
481.91,
424.88,
499.16,
424.88,
481.91,
424.88,
481.91,
424.88,
575.78,
424.88,
481.91,
459.38,
424.88,
424.88,
481.91,
362.87,
423.56,
294.3,
423.56,
458.06,
294.3,
311.55,
294.3,
311.56,
294.3,
345.62,
345.62,
311.55,
345.62,
294.3,
345.62,
415.22,
311.55,
345.62,
345.62,
311.55,
345.62,
345.62,
345.62,
949.5,
345.62,
915,
294.3,
360.19,
345.62,
342.94,
915,
342.94,
342.94,
915,
342.94,
342.94,
949.5,
342.94,
342.94,
360.19,
360.19,
360.19,
915,
342.94,
682.08,
716.58,
682.08,
682.08,
789.33,
682.08,
594.14,
576.89,
697.76,
697.76,
697.76,
576.31,
697.76,
576.89,
576.89,
697.76,
576.89,
594.14,
908.14,
688.24,
688.24,
570.73,
570.73,
688.24,
570.73,
587.98,
570.73,
688.24,
570.73,
570.73,
704.94,
570.73,
688.24,
704.94,
915,
949.5,
915,
949.5,
653.75,
376.13,
376.13,
648.13,
376.13,
653.75,
648.13,
371.38,
648.13,
371.51,
648.13,
371.51,
371.51,
 walnut finish. Traditional style armless rotary office secretarial task chair.,
371.51,
527.91,
711.62,
371.51,
510.66,
648.13,
403.68,
527.91,
527.91,
746.12,
524.46,
403.68,
510.66,
315.78,
419.19,
746.12,
456.02,
711.62,
315.78,
456.02,
510.66,
315.78,
456.02,
314.04,
440.39,
315.78,
456.02,
435.79,
313.26,
315.78,
435.79,
328.76,
451.4,
315.78,
451.4,
313.26,
527.99,
315.78,
451.4,
328.76,
527.99,
422.06,
313.26,
313.26,
527.99,
313.26,
422.06,
539.91,
313.26,
422.06,
419.54,
527.99,
422.06,
419.54,
419.54,
422.06,
422.06,
422.06,
419.54,
436.79,
403.68,
403.68,
422.06,
436.79,
419.54,
403.68,
436.79,
403.68,
573.88,
573.88,
608.38,
604.35,
573.88,
573.88,
569.85,
1077.17,
403.68,
569.85,
573.88,
1082.92,
1077.17,
829.27,
604.35,
573.88,
569.85,
1117.42,
829.27,
604.35,
652.22,
829.27,
652.22,
569.85,
829.27,
569.85,
669.47,
829.27,
573.88,
659.81,
822.19,
734.39,
829.27,
822.19,
768.89,
605.56,
822.19,
869.52,
827.37,
659.81,
605.56,
734.39,
862.44,
605.56,
651.66,
605.56,
651.66,
605.56,
734.39,
740.14,
862.44,
605.56,
734.39,
734.39,
605.56,
734.39,
852.82,
653.75,
852.82,
520.21,
653.75,
537.46,
852.82,
520.21,
841.25,
520.21,
520.21,
520.21,
520.21,
537.46,
653.75,
520.21,
520.21,
517.53,
520.21,
517.53,
517.53,
534.78,
517.53,
517.53,
517.53,
517.53,
517.53,
399.8,
399.8,
534.78,
980.16,
980.16,
517.53,
580.59,
980.16,
1014.66,
423.56,
615.09,
580.59,
580.59,
484.12,
484.12,
484.12,
580.59,
580.59,
494.44,
484.12,
478.99,
478.99,
478.99,
478.99,
612.03,
612.15,
612.15,
612.15,
612.15,
949.5,
949.5,
843.97,
828.82,
838.22,
580.59,
586.34,
828.82,
828.82,
615.09,
834.57,
580.59,
615.09,
1687.34,
834.57,
573.86,
580.59,
828.82,
586.34,
828.82,
608.36,
828.82,
586.34,
828.82,
983.91,
608.36,
1721.84,
573.86,
828.82,
573.86,
573.86,
573.86,
573.86,
1018.41,
834.57,
573.86,
573.86,
828.82,
989.66,
983.91,
963.98,
573.86,
863.94,
963.98,
829.44,
829.44,
969.73,
829.44,
963.98,
963.98,
579.61,
573.86,
829.44,
983.91,
989.66,
829.44,
368.32,
608.36,
408.57,
983.91,
453.76,
814.61,
829.44,
453.76,
814.61,
455.57,
1312.07,
963.98,
963.98,
495.82,
820.36,
429.59,
963.98,
849.11,
835.19,
431.03,
814.61,
527.19,
1325.35,
1331.1,
1306.32,
1647.47,
640.81,
1647.47,
635.06,
530.07,
1653.22,
1647.47,
635.06,
635.06,
1306.32,
1325.35,
635.06,
1312.07,
1647.47,
1306.32,
1653.22,
1306.32,
1306.32,
1306.32,
1331.1,
1647.47,
624.84,
872.72,
1312.07,
1325.35,
1306.32,
838.22,
843.97,
624.84,
838.22,
872.72,
1312.07,
1325.35,
624.84,
1306.32,
843.97,
624.84,
838.22,
739.44,
843.97,
704.94,
624.84,
704.94,
1312.07,
682.08,
682.08,
806.58,
792.2,
697.76,
789.33,
697.76,
872.72,
478.99,
980.16,
732.26,
913.89,
908.14,
942.64,
688.24,
693.99,
688.24,
682.08,
415.28,
459.41,
401.93,
477.33,
534.95,
456.02,
527.99,
440.39,
457.64,
451.4,
451.4,
376.13,
376.13,
451.4,
376.13,
527.99,
388.63,
371.51,
371.51,
527.99,
520.21,
371.51,
520.21,
510.66,
1721.84,
1687.34,
1687.34,
537.46,
1687.34,
519.83,
517.53,
517.53,
1721.84,
847,
1687.34,
1687.34,
841.25,
1693.09,
875.75,
1086.39,
688.25,
659.81,
648.13,
653.75,
1687.34,
1693.09,
653.75,
1687.34,
669.47,
653.88,
1086.39,
648.13,
1086.39,
659.81,
484.12,
484.12,
489.34,
478.99,
612.15,
484.12,
612.15,
615.02,
478.99,
1086.39,
1120.89,
1092.14,
1086.39,
1086.39,
1086.39,
1080.05,
1108.8,
1086.39,
1120.89,
1092.14,
1074.3,
1074.3,
1074.3,
1080.05,
1074.3,
1074.3,
1108.8,
1074.3,
1074.3,
980.16,
635.06,
985.91,
635.06,
814.61,
659.34,
820.36,
624.84,
624.84,
849.11,
1312.07,
838.22,
1325.35,
1359.85,
843.97,
838.22,
980.16,
1687.34,
436.43,
477.33,
1687.34,
1687.34,
1092.14,
473.79,
569.45,
1086.39,
1080.05,
1074.3,
1074.3,
669.56,
415.28,
983.91,
69.9,
286.8,
43.06,
261.17,
253.48,
394.91,
359.32,
260.61,
109.25,
80.22,
415.27,
163.21,
266.18,
455.32,
277.41,
304.22,
481.21,
502.38,
300.83,
494.57,
286.7,
298.07,
532.67,
2083.49,
2083.49,
4942.5,
4942.5,
4942.5,
4942.5,
4942.5,
4942.5,
2392.34,
4942.5,
1562.13,
4942.5,
1562.13,
1500,
2154.76,
1500,
2154.76,
1700,
1700,
2384.82,
2120.57,
2120.57,
648.92,
582.5,
480.3,
712.79,
338.09,
833.14,
943.22,
943.22,
833.14,
943.22,
833.14,
695.76,
84.26,
43.65,
44.25,
25.17,
80.56,
36.78,
26.46,
30.38,
275.92,
259.37,
17.79,
32.59,
281.75,
146.58,
372.03,
53.61,
135.08,
203.55,
109.78,
29.67,
304.75,
504.62,
93.28,
121.96,
170.73,
111.11,
112.01,
109.32,
119.75,
155.83,
90.78,
89.29,
93.5,
23.2,
221.43,
20.61,
19.37,
19.9,
128.73,
23.23,
18.96,
113.83,
413.18,
23.2,
36.51,
36.51,
38.36,
18.63,
89.7,
128.8,
132.8,
111.11,
41.4,
115.87,
7.48,
353.59,
56.52,
23.2,
77.87,
29.85,
12.01,
22.93,
27.6,
23.2,
121.96,
121.96,
120.92,
120.6,
121.96,
121.96,
115.18,
121.96,
120.6,
64.4,
67.85,
75.9,
6.61,
119.1,
111.11,
75.9,
121.96,
124.66,
121.22,
163.31,
219.4,
248.25,
318.8,
141.11,
173.42,
205.57,
290.1,
145.77,
180.06,
169.1,
226.67,
177.88,
166.55,
189.59,
161.39,
167.87,
187.71,
188.66,
169.76,
171.19,
121.96,
142.28,
142.28,
142.28,
135.19,
192.42,
124.66,
127.37,
127.37,
127.37,
151.75,
124.5,
166.67,
142.28,
166.67,
193.13,
120.6,
127.37,
132.8,
155.83,
120.6,
120.6,
142.28,
192.42,
120.6,
132.8,
124.66,
121.04,
130.08,
166.67,
142.28,
203.25,
127.37,
120.6,
9,
179.03,
171.93,
197.4,
21.42,
66.9,
93.5,
86.72,
86.72,
81.31,
96.57,
15.56,
55.64,
55.64,
43.54,
50.74,
50.74,
48.32,
133.03,
233.3,
105.09,
2.46,
203.4,
228.85,
529.13,
22.4,
53.59,
70.44,
12.64,
46.77,
83.87,
332.9,
191.43,
565.92,
565.92,
565.92,
588.65,
588.05,
103.22,
16.97,
126.02,
126.02,
202.53,
2655,
75.59,
646.84,
646.84,
646.84,
646.84,
646.84,
57.82,
155.84,
115.07,
88.21,
101.14,
50.25,
18.72,
124.51,
42.65,
47.93,
212.68,
132.42,
212.68,
98.29,
35.88,
88.93,
55.94,
48.14,
152.09,
66.01,
68.89,
18.72,
42.65,
91.16,
76.54,
51.03,
134.44,
153.08,
208.53,
76.02,
229.62,
76.02,
76.02,
306.16,
34.38,
74.4,
50.16,
55.81,
74.4,
246.05,
90.7,
68.45,
409.35,
545.76,
102.66,
223.2,
334.83,
90.96,
410.7,
137.81,
616.02,
59.5,
821.39,
248.78,
90.96,
90.96,
90.96,
136.46,
272.89,
90.96,
544.2,
1088.45,
751.03,
136.08,
544.2,
272.33,
751.03,
90.7,
136.08,
272.1,
408.18,
1088.45,
246.05,
246.7,
408.18,
90.7,
90.7,
98.96,
11.76,
10.68,
6.56,
14.59,
9.82,
4.19,
3.12,
26.34,
11.6,
50.45,
64.2,
83.29,
260.5,
29.34,
28.97,
21.3,
7.22,
7.18,
56.87,
68.36,
14.94,
5.27,
48.42,
40.01,
56.35,
96.12,
53.77,
64.18,
8.68,
82.9,
2.58,
42.37,
57.18,
181.7,
27.28,
6.89,
14.88,
8.37,
26.15,
243.57,
82.08,
41.07,
19.5,
499.76,
525.22,
278.3,
24.88,
202.5,
40.8,
18.98,
6.36,
188.85,
4.44,
29.44,
215.86,
52.7,
17.64,
25.27,
14.66,
63.8,
6.07,
6.07,
7.58,
3.68,
9.04,
82.11,
109.25,
35.56,
17.17,
94.85,
13.96,
24.96,
10.47,
186.02,
87.69,
22.3,
24.73,
28.98,
4.91,
20.63,
54.9,
103.21,
115.74,
5.46,
102.93,
17.78,
3.22,
2.43,
1.58,
16.87,
21.91,
75.84,
12.72,
6.07,
12.43,
37.47,
34.49,
9.92,
32.39,
39.99,
437,
495.65,
31.78,
36.23,
6.2,
6.2,
6.2,
49.17,
42.39,
6.46,
6.98,
72.4,
14.05,
5.7,
70.09,
28.78,
42.87,
5.97,
80.68,
63.77,
27.81,
15.47,
5.06,
14.05,
23.87,
35.73,
5.78,
4.66,
28.75,
6.31,
3.81,
11.12,
12.7,
49.37,
35.79,
3.85,
54,
53.42,
51.47,
27.75,
27.75,
25.99,
67.26,
6.98,
65.87,
7.88,
7.88,
62.95,
18.49,
25.44,
33.79,
30.81,
34.86,
73.72,
76.96,
110.79,
187.6,
197.09,
210.4,
6.6,
76.89,
19.73,
35.03,
21.79,
240.93,
34.34,
30.38,
73.55,
32.05,
180.26,
178.76,
306.8,
343.75,
295.67,
420.13,
329.08,
300.59,
126,
229.64,
58.51,
110.69,
68.33,
52.73,
187.25,
2.38,
72.55,
111.21,
72.99,
91.15,
96.22,
128.04,
140.89,
149.28,
150.33,
146.49,
155.01,
0.66,
23.28,
189.32,
19,
200.32,
141.92,
189.32,
195.02,
193.94,
187.16,
15.76,
50.98,
66.53,
88.52,
58.94,
47.38,
28.28,
132.07,
82.51,
76.15,
125.18,
34.43,
30.38,
35.56,
18.49,
29.89,
57.94,
31.33,
35.6,
76.59,
59.64,
75.47,
56.53,
59.39,
105.44,
80.41,
103.94,
69.81,
81.65,
74.78,
114.25,
37.49,
52.28,
53.9,
92.32,
107.56,
83.94,
104.36,
121.66,
103.91,
142.83,
127.83,
89.33,
54.28,
147.86,
82.9,
78.83,
83.81,
2.69,
151.39,
105.6,
73.89,
12.97,
11.43,
12.97,
20.8,
26.47,
2080.19,
857.35,
915.64,
474.94,
5933.02,
1414.49,
202.49,
265.04,
4.24,
6211.23,
10774.45,
883.37,
65.46,
134.8,
1834.93,
1217.84,
2405.8,
2821.85,
3162.07,
13875.27,
2489,
915.64,
1034.99,
448.49,
1431.41,
632.59,
493.05,
1264.99,
1496.58,
151.55,
10.12,
3.2,
4.35,
6.56,
12.79,
19.34,
6.8,
12.79,
16.96,
19.34,
28.21,
13.87,
13.56,
20.86,
26.71,
16.11,
5.28,
12.79,
16.11,
19.34,
24.81,
43.36,
5.44,
3.05,
6.88,
13.67,
12.77,
21.62,
3.91,
43.83,
11.29,
3.91,
24.15,
18.52,
5.37,
3.34,
3.2,
4.14,
2.43,
4.78,
1.13,
3.9,
24.36,
0.82,
4.95,
5.5,
13.21,
19.08,
1.04,
6.54,
1.04,
1.04,
1.43,
0.53,
1.42,
11.36,
8.33,
3.2,
2.98,
5.06,
2.32,
2.51,
12.04,
9.31,
3.97,
5.93,
14.12,
4.14,
1.04,
1.04,
1.04,
9.45,
6.72,
1.18,
12.77,
7.16,
6.88,
8.35,
2.48,
3.25,
1.38,
1.57,
0.9,
3.26,
0.86,
1.1,
7.95,
9.2,
1.27,
106.97,
6.07,
4.18,
4.98,
44.76,
67.75,
46.26,
45.9,
1.47,
3.75,
2.61,
0.71,
2.27,
0.68,
19.35,
2.16,
4.12,
2.24,
25.65,
36.44,
5.35,
3.03,
3.79,
1.87,
13.48,
18.83,
3.08,
3.31,
6.1,
4.12,
3.91,
38.73,
3.45,
2.07,
1.29,
5.15,
4.45,
10.1,
5.27,
1.43,
1.82,
1.13,
1.1,
0.6,
0.57,
3.34,
2.78,
1.12,
22.28,
43.17,
2.22,
3.07,
8.68,
13.93,
12.11,
12.11,
13.95,
1.08,
5.76,
8.96,
4.97,
7.53,
2.66,
14.19,
7.14,
44.16,
3.65,
31.45,
3.91,
8.33,
3.39,
6.33,
8.83,
12.47,
21.17,
31.91,
3.16,
15.53,
3.2,
50.58,
6.52,
6.72,
19.34,
27.9,
7.22,
5.66,
1.46,
0.49,
3.02,
8.29,
0.64,
14.87,
129.12,
3.07,
5.53,
3.28,
5.68,
57.84,
1.13,
4.51,
48.01,
3.4,
2.85,
5.08,
4.54,
5.6,
1.46,
9.71,
6.05,
4.01,
2.63,
7.5,
2.75,
4.9,
4.06,
2,
6.97,
4.24,
3.53,
14.5,
12.48,
2.35,
2.5,
2.35,
2.62,
2.5,
2.35,
2.53,
2.7,
1.12,
7.69,
12.82,
1.81,
1.7,
16.61,
36.11,
2,
2.59,
0.74,
0.78,
7.98,
1.47,
2,
12.36,
6.04,
14.01,
4.05,
3.65,
4.13,
8.88,
12.83,
2.5,
1.38,
5.88,
4.65,
5.88,
3.6,
3.22,
11.79,
4.19,
1.41,
1.21,
33.09,
4.05,
3.64,
3.6,
3.22,
3.22,
26.14,
1.02,
12.56,
2.08,
4.69,
3.57,
3.35,
34.02,
3,
1.75,
2.89,
4.7,
3.24,
42.88,
10.18,
2.48,
2.84,
43.63,
50.23,
2.62,
2.62,
1.56,
4.36,
14.38,
4.76,
8.74,
6.73,
6.03,
3.91,
4.31,
4.31,
5.72,
4.27,
13.21,
3.77,
5.48,
15.32,
3.16,
2.1,
5.54,
6.19,
6.19,
1.67,
2.38,
0.94,
2.38,
2.99,
3.2,
1.67,
1.67,
1.67,
2.19,
3.51,
4.27,
4.27,
5.11,
5.11,
128.2,
98.72,
167.34,
163.28,
47.48,
47.48,
44.86,
4.01,
3.55,
3.23,
38.12,
6.18,
6.63,
1.02,
1.02,
1.07,
8.14,
8.14,
12.63,
12.63,
35.53,
10.56,
106.67,
4.54,
4.93,
4.93,
5.53,
4.43,
4.93,
4.43,
4.16,
4.43,
4.78,
1.67,
2.34,
0.48,
38,
72.86,
5.69,
10.34,
10.34,
7.69,
7.39,
7.39,
7.69,
3.46,
3.86,
3.46,
3.93,
5.32,
6.22,
3.14,
3.27,
3.14,
6.46,
3.76,
2.84,
21.84,
13.8,
108.79,
11.25,
13.21,
42.26,
40.18,
5.58,
4.91,
10.34,
6.9,
6.78,
10.03,
39.04,
43.9,
5.01,
8.49,
9.25,
2.97,
34.34,
6.85,
8.49,
25.19,
2.39,
2.39,
7.5,
4.37,
4.45,
3.91,
5.36,
4.83,
7.5,
6.8,
3.91,
6.8,
6.8,
3.7,
7.88,
13.47,
13.47,
35.02,
43.9,
6.01,
91.18,
261.75,
148.78,
261.75,
91.18,
261.75,
261.75,
91.18,
261.75,
261.75,
200.78,
280.6,
280.6,
280.6,
5.27,
2.82,
5.27,
3.91,
5.49,
5.27,
6.03,
6.03,
160.6,
136.21,
276.97,
59.93,
158.32,
78.31,
70.43,
80.14,
119.44,
5.47,
6.81,
98.04,
89.14,
98.04,
44.86,
40.46,
40.46,
44.86,
47.31,
13.65,
17.23,
26.71,
200.19,
13.89,
17.08,
13.89,
70.62,
70.62,
64.69,
70.62,
281.75,
290.95,
281.75,
125.24,
106.04,
27.81,
31.76,
48.51,
37.95,
262.14,
5.52,
4.31,
4,
5.66,
3.91,
205.38,
143.75,
205.38,
205.38,
138.33,
147.28,
248.48,
157.26,
112.8,
143.83,
112.8,
112.8,
95.77,
230,
131.78,
230,
110.93,
122.11,
123.18,
123.18,
177.95,
123.18,
230.54,
248.48,
248.48,
98.16,
310.75,
310.71,
324.6,
324.6,
310.75,
310.75,
303.05,
38.89,
36.27,
100.37,
100.37,
100.37,
97.98,
13.8,
11.66,
221.05,
4.43,
7.06,
35.31,
8.53,
7.52,
7.06,
7.67,
10.83,
37.57,
37.57,
47.89,
322.41,
56.38,
76.99,
62.33,
79.89,
65.44,
19.24,
41.1,
264.78,
171.99,
264.78,
171.99,
235.75,
65.71,
59.97,
171.99,
128.66,
235.75,
235.75,
136.85,
110.34,
38.54,
134.44,
119.19,
32.5,
35.02,
2.39,
42.71,
35.56,
30.44,
7.31,
227.96,
277.45,
190.16,
107,
153.12,
104.21,
227.96,
129,
227.96,
85.28,
96.67,
42.24,
292.56,
70.62,
292.56,
292.56,
292.56,
292.56,
292.56,
282.27,
117.81,
199.08,
292.56,
89.02,
86.6,
86.74,
393.59,
200.91,
200.91,
216.2,
26.3,
3.27,
4.4,
37.5,
145.77,
56.11,
274.64,
153,
278,
139.01,
95.59,
286.05,
241.73,
278,
191.49,
71.69,
220.5,
14.61,
14.61,
13.08,
22.03,
308.69,
64.81,
161.91,
161.91,
19.83,
161.91,
26.57,
13.08,
63.33,
20.07,
56.68,
15.13,
16.08,
17.12,
18.14,
58,
175,
65.64,
110,
105,
13.08,
64.81,
24.42,
193.78,
155.33,
276.14,
129.04,
226.2,
209,
187.4,
292.31,
292.31,
292.31,
231.18,
231.18,
153.7,
41.74,
32.77,
18.14,
22.64,
27.33,
24.35,
24.51,
25.35,
43.56,
153.7,
21.9,
143.12,
148.78,
148.78,
148.78,
30.89,
64,
117.94,
117.94,
117.94,
132.43,
200.49,
37.46,
11.65,
32.55,
21.77,
23.48,
21.77,
150,
89,
75.61,
152.34,
25.73,
73.59,
231.18,
54.46,
68.13,
179.68,
179.68,
172.49,
103.83,
57.47,
62.93,
57.63,
64.58,
64.17,
57.47,
11.82,
49.6,
37.01,
35.52,
80.21,
79.07,
79.07,
79.07,
3.77,
3.77,
3.77,
3.77,
1.02,
3.77,
3.77,
3.77,
4.99,
13.26,
33.06,
29.45,
21.07,
8.15,
8.4,
8.4,
6.39,
11.51,
8.15,
11.51,
6.91,
9.66,
7.99,
6.61,
7.99,
3.29,
3.12,
20.29,
11.14,
7.31,
124,
122,
122,
122,
147.87,
112.39,
52,
63.89,
48.56,
60.72,
18.36,
16.53,
72.89,
27.77,
9.98,
199.05,
60.58,
8.89,
23.09,
121.17,
55.69,
9.98,
18.2,
55.69,
61.47,
158.69,
358.32,
129.52,
133.23,
522.48,
259.27,
522.48,
124.57,
273.7,
273.7,
258.75,
225.91,
156.71,
124.8,
67.11,
183.4,
173.2,
113.7,
116.54,
265.82,
28.32,
183.4,
24.99,
122.95,
382,
478,
478,
478,
19.14,
67.54,
106.76,
166.75,
166.75,
200.78,
49.39,
243.69,
243.69,
170.87,
105.49,
144.12,
111.44,
149.19,
98.81,
252.59,
89.15,
164.92,
163.44,
108.47,
122.38,
187.7,
191.77,
191.21,
345,
345,
218,
20.22,
17.3,
212,
345,
67,
32,
382.89,
189,
308.33,
131,
144.57,
130,
144.58,
61.92,
89.01,
450.2,
394,
482,
484,
484,
260.02,
245.16,
178.3,
215.44,
185.73,
8.95,
4.95,
6.45,
6.52,
46,
45.8,
165.23,
135.91,
213.31,
286.26,
213.31,
78.42,
174.02,
41.19,
45.8,
115.1,
72.9,
129.85,
84.7,
108.15,
228.35,
76.68,
217.99,
243.69,
172.49,
172.49,
294.54,
93.33,
114.15,
245.42,
170.99,
197.95,
170.05,
180.68,
173.58,
322.13,
180.68,
164.8,
322.13,
127.48,
164.8,
60.16,
205.37,
195.51,
134.37,
195.51,
430.76,
187.7,
192.99,
192.99,
158.44,
117.86,
117.96,
117.96,
114.51,
120.16,
111.78,
150.37,
332.1,
352.54,
56.14,
52.23,
52.23,
52.23,
34.99,
27.77,
26.12,
27.77,
27.77,
34.99,
34.99,
34.99,
86.63,
144.5,
35.5,
60.36,
50.88,
35.99,
266.59,
445.08,
266.59,
223.62,
265.96,
233.39,
148.72,
178.28,
118.43,
458.84,
458.84,
178.33,
458.84,
49.34,
458.84,
158.39,
574.55,
458.84,
574.55,
574.55,
118.43,
239.29,
118.43,
239.29,
682.64,
67.3,
239.29,
15.2,
67.3,
54.34,
57.39,
57.39,
67.3,
67.3,
67.3,
67.3,
71.61,
81.88,
574.55,
574.55,
574.55,
84.62,
84.62,
84.62,
84.62,
84.62,
84.62,
923.06,
923.06,
923.06,
79.49,
84.62,
923.06,
84.62,
59.02,
84.62,
84.62,
145.43,
163,
30.06,
111.09,
923.06,
111.09,
111.09,
73.85,
163,
163,
113.11,
163,
31.06,
30.06,
132.71,
34,
159.98,
159.98,
163,
67.71,
77.08,
159.98,
159.99,
159.99,
159.99,
159.99,
165.76,
103.95,
118.78,
36.58,
159.88,
118.78,
118.78,
70.15,
200.1,
183.96,
200.1,
200.1,
195.78,
179.08,
179.08,
151.71,
192.73,
175.21,
175.21,
175.21,
142.79,
137.43,
151.71,
142.79,
155.94,
192.73,
155.94,
200.1,
48.25,
44.1,
44.1,
38.8,
44.1,
44.1,
391.91,
2.08,
401.33,
320.44,
124.09,
4.53,
4.23,
4.75,
5.74,
5.46,
306.25,
431.75,
431.75,
431.75,
3.84,
72.45,
58.64,
72.45,
72.45,
3.35,
106.26,
114.95,
168.84,
151.55,
43.09,
23.77,
72.81,
1.41,
1.41,
1.41,
1.41,
190.19,
156.01,
175.33,
133.72,
185.73,
252.59,
267.44,
158.42,
314.82,
314.82,
192.69,
192.69,
314.82,
191.64,
192.69,
7.99,
7.99,
7.99,
292.95,
219.78,
292.95,
292.95,
105.02,
58.93,
58.17,
59.83,
29.35,
122.54,
108.26,
199.38,
162.87,
83.51,
109.91,
274.84,
71.49,
50.95,
48.06,
51.61,
51.61,
27.12,
201.25,
160.25,
201.25,
201.25,
124.12,
114.64,
220,
415.95,
415.95,
415.95,
177.62,
177.62,
177.62,
177.62,
32,
62.99,
47.99,
62.99,
366.96,
471.24,
431.88,
628.56,
471.24,
460.88,
80,
55,
83,
92,
80,
92,
92,
264,
108,
457,
118,
254,
108,
108,
197,
167,
254,
197,
254,
218,
218,
54,
197,
54,
41,
216,
197,
54,
216,
128,
124,
128,
173,
216,
128,
218,
80,
457,
457,
80,
234,
234,
118,
234,
202,
127,
218,
202,
218,
218,
172,
382,
189,
246,
181,
273,
130,
196,
196,
287,
78,
123,
287,
123,
365,
452,
289,
214,
452,
152,
383,
354,
197,
315.98,
95.24,
51.42,
382,
246,
120,
89,
12,
120,
144,
400,
427,
127,
142,
208,
57,
424,
424,
424,
188,
128,
72,
61,
72,
72,
321,
172,
321,
321,
312.56,
312.56,
312.56,
5.69,
8.23,
8.23,
8.23,
9.12,
10.82,
7.23,
29.88,
42.62,
3.22,
52.06,
10.37,
7.13,
15.94,
3.22,
7.68,
13.74,
29.88,
103.73,
13.6,
9.89,
12.58,
12.04,
7.6,
50.3,
0.59,
7.59,
3.13,
12.8,
2.6,
9.78,
28.73,
5.72,
4.6,
39.73,
2.56,
4.26,
42.62,
12.94,
9.92,
13.21,
55.32,
18.15,
23.15,
85.89,
7.13,
39.37,
1.94,
21.71,
30.5,
25.33,
25.33,
35.54,
59.98,
35.54,
59.98,
94.53,
8.4,
11.4,
9.83,
8.92,
8.99,
24.94,
14.39,
19.55,
4.98,
11.85,
1.84,
35.44,
19.01,
66,
39.25,
41.02,
9.75,
5.74,
6.03,
6.92,
6.03,
4.98,
5.55,
5.55,
4.7,
4.7,
6.82,
4.7,
0.81,
4.08,
4,
3.63,
4,
3.63,
4.65,
4.65,
5.87,
6.06,
12.09,
3.61,
19.1,
3.44,
6.34,
4.98,
7.28,
7.83,
13.87,
15.84,
19.07,
9.7,
19.07,
8.18,
8.36,
10.06,
8.18,
7.69,
28.58,
15.79,
10.34,
20.67,
41.96,
4.42,
8.36,
8.18,
8.99,
8.36,
8.36,
8.36,
8.36,
8.18,
8.99,
8.36,
8.36,
8.99,
10.53,
8.18,
8.99,
10.53,
9.6,
6.35,
23.43,
10.64,
12.28,
45.41,
45.41,
55.61,
4.47,
30.38,
6.83,
37.14,
5.81,
14.57,
16.96,
92,
19.03,
12.2,
22.83,
22.83,
8.18,
5.55,
6.45,
15.4,
23.46,
52.69,
13,
25.17,
21.42,
10.63,
12.62,
10.63,
7.13,
8.56,
8.56,
12.35,
9.53,
8.37,
8.56,
25.42,
15.25,
10.63,
10.63,
12.62,
4.34,
4.34,
6.34,
7.04,
2.96,
3.27,
5.14,
4.22,
16.01,
11.7,
3.92,
4.04,
19.12,
7.66,
6.9,
5.81,
49.39,
3.86,
33.06,
7.82,
7.74,
7.77,
7.52,
8.56,
6.66,
7.9,
8.87,
7.5,
9.05,
9.26,
9.26,
215.03,
16.63,
13.71,
9.04,
13.77,
9.55,
10.29,
9.04,
16.1,
13.12,
10.98,
167.29,
10.2,
16.1,
10.2,
9.04,
13.77,
6.65,
8.63,
42.62,
5.95,
8.84,
8.84,
8.84,
42.62,
45.61,
16.86,
23.92,
12.6,
7.03,
10.65,
6.96,
4.47,
28.74,
10.43,
6.96,
185.08,
6.77,
44.32,
34.13,
46.39,
26.51,
30.8,
20.49,
11.41,
11.41,
16.59,
11.41,
20.49,
11.41,
16.59,
14.78,
11.85,
34.16,
15.77,
15.57,
11.96,
11.96,
14.04,
14.51,
10.02,
4.44,
4.44,
4.44,
4.44,
4.44,
41.46,
15.87,
14.95,
12.47,
18.95,
22.57,
8.43,
8.43,
42.06,
46.49,
47.17,
32.36,
18.39,
18.39,
10.13,
68.1,
5.23,
3.84,
3.46,
3.46,
3.46,
3.46,
3.46,
3.46,
63.15,
44.32,
36.98,
40.69,
26.51,
52.66,
46.39,
8.45,
27.16,
27.43,
20.37,
14.92,
8.57,
6.42,
14.92,
14.92,
14.92,
8.57,
8.17,
4.42,
5.32,
5.43,
4.14,
10.2,
10.21,
13.17,
15.19,
13.8,
9.42,
2.38,
14.99,
7.13,
8.8,
24.54,
20.1,
215.79,
240.84,
71.97,
58.1,
4.44,
3.68,
6.03,
18.39,
25.24,
36.96,
42.91,
66.68,
18.63,
16.91,
9.82,
9.82,
12.5,
5.64,
5.34,
5.34,
6.76,
36.48,
55.46,
16.89,
2.35,
1.97,
14.15,
15.23,
7.9,
7.9,
40.6,
18.98,
17.6,
21.4,
21.4,
21.4,
21.4,
35.66,
10.7,
17.86,
12.11,
12.11,
12.11,
15.71,
1.68,
2.14,
2.13,
2.35,
7.81,
18,
18,
18,
18,
18,
16.08,
18,
16.08,
5.35,
10.22,
13.71,
7.04,
9.29,
9.35,
9.29,
9.29,
7.5,
7.5,
7.5,
7.85,
12.32,
2.3,
2.48,
15.7,
5.59,
5.43,
16.22,
18.06,
18.37,
9,
18.06,
11.05,
22.62,
11.45,
11.68,
4.85,
4.31,
9,
10.78,
11.05,
5.07,
13.14,
2.66,
13.33,
11.26,
7.96,
9.41,
9.94,
10.7,
6.31,
4.89,
11.64,
8.14,
4.26,
11.63,
4.53,
4.5,
4.75,
4.5,
4.75,
2.39,
2.39,
7.74,
15.08,
13.88,
10.53,
12.41,
20.36,
9.51,
24.97,
9.51,
9.81,
28.8,
17.6,
12.19,
33.93,
4.53,
5.24,
94.21,
8.68,
8.68,
8.68,
8.68,
10.06,
10.06,
10.06,
10.06,
6.04,
6.04,
8.41,
17.66,
17.66,
8.41,
10.53,
16.17,
19.04,
7.79,
7.79,
7.79,
7.79,
7.79,
7.79,
4,
4,
4,
4,
7.12,
7.12,
7.12,
17.46,
17.46,
12.83,
12.83,
12.83,
12.83,
13.14,
12.83,
7.38,
7.38,
58.77,
10.11,
6.47,
6.47,
6.47,
13.03,
32.12,
12.31,
13.32,
10.72,
10.78,
10.78,
30.68,
3.93,
18.54,
13.52,
8.18,
8.18,
10.48,
10.48,
10.48,
10.48,
22.99,
5.81,
5.81,
129.85,
196.95,
113.78,
129.15,
226.38,
120.81,
7.06,
7.06,
7.37,
13.27,
11.29,
11.29,
11.29,
13.09,
8.81,
8.81,
8.81,
13.09,
13.09,
18.78,
10.93,
10.93,
10.93,
10.93,
10.93,
10.93,
11.96,
11.96,
11.96,
13,
13,
5.2,
5.2,
5.2,
11.76,
11.76,
11.76,
11.76,
9,
9,
11.57,
92.1,
12.73,
27.3,
8.05,
70.5,
70.37,
2.43,
11.78,
18.11,
23.33,
21.6,
21.72,
1.73,
0.97,
19.87,
1.35,
1.06,
12.62,
84.68,
4.41,
4.39,
10.24,
0.92,
46,
3.21,
3.88,
41.9,
2.83,
23.47,
18.75,
20.24,
9.89,
13.42,
10.27,
18.43,
16.3,
8.96,
10.89,
12.5,
3.74,
2.79,
2.37,
21.59,
20.68,
105.14,
10.65,
1.97,
1.61,
2.23,
1.86,
2.4,
2.1,
108.77,
157.93,
118.01,
123.75,
20.37,
123.08,
12.04,
14.6,
18.43,
104.47,
73.7,
82.09,
0.9,
92.55,
70.25,
87.25,
158.36,
9.83,
78.79,
68.78,
56.78,
11.6,
123.33,
18.23,
0.63,
18.3,
235.75,
38.07,
24.64,
41.95,
35.58,
53.69,
41.99,
87.87,
85.63,
108.76,
91.23,
122.43,
87.5,
5.08,
22.78,
16.74,
18.35,
20.57,
20.01,
2.45,
3.17,
51.07,
37.37,
78.79,
78.79,
78.79,
78.79,
75.65,
60.52,
23.55,
14.01,
4.49,
11.02,
2.44,
18.26,
16.86,
153.35,
24.81,
368,
70.55,
69.56,
70.55,
70.55,
1.79,
74.75,
56.96,
77.95,
82.37,
82.37,
77.84,
87.25,
73.6,
14.79,
9.64,
9.18,
9.18,
8.41,
26.92,
21.95,
23.56,
8.39,
14.97,
13.73,
26.54,
44.27,
66.4,
10.06,
6.12,
2.29,
14.99,
15.62,
68.94,
52.98,
36.19,
16.38,
48.65,
7.07,
27.44,
29.26,
12.96,
11.48,
18.49,
14.27,
14.1,
14.67,
19.67,
14.01,
14.01,
13.58,
14.01,
13.32,
13.17,
75.52,
1.41,
14.67,
11.37,
11.26,
12.33,
13.08,
13.13,
13.13,
14.24,
14.79,
14.79,
14.24,
14.34,
57.84,
1.53,
1.93,
2.44,
2.91,
52.84,
39.64,
25.02,
11.07,
17.7,
19.8,
7.53,
22.94,
14.89,
5.99,
177.19,
8.14,
54.08,
3.2,
59.79,
8.44,
11.78,
11.4,
12.26,
14.77,
14.77,
15.19,
2.58,
2.08,
9.69,
61.51,
13.88,
13.24,
20.48,
7.67,
7.64,
25.63,
9.8,
10.16,
42.52,
5.69,
176.92,
5.35,
77.74,
176.92,
14.66,
7.95,
18.96,
17.08,
7.04,
9.32,
4.36,
3.92,
5.13,
4.8,
4.39,
3.85,
4.67,
4.07,
8.58,
13.97,
4.86,
16.04,
3.58,
3.61,
3.35,
49.86,
24.89,
22.97,
6.27,
7.69,
7.35,
7.12,
10.79,
11.68,
40.78,
12.37,
3.67,
2.93,
10.34,
24.41,
24.41,
37.29,
47.39,
65.22,
57.28,
37.61,
3.58,
15.79,
56.55,
81.32,
99.61,
75.98,
3.67,
11.82,
10.34,
2.93,
21.61,
20.25,
21.61,
27.58,
34.16,
31.96,
19.24,
24,
31.69,
22.52,
16.82,
16.82,
25.78,
25.96,
21.09,
13.36,
23.61,
23.38,
25.75,
23.3,
19.01,
12.25,
3.61,
11.04,
10.74,
2.79,
94.79,
8.72,
8.72,
4.81,
36.35,
4.04,
36.35,
44.97,
4.04,
14.79,
32.22,
24.82,
24.82,
26.28,
26.28,
24.41,
66.25,
62,
74.6,
81.16,
116.67,
10.34,
10.34,
4,
41.78,
29.88,
13.67,
13.51,
29.58,
21.72,
30.42,
30.42,
35.89,
29.92,
33.67,
10.38,
54.81,
7.87,
251.85,
272.21,
30.43,
30.43,
23.72,
23.3,
12.32,
21.07,
16.05,
16.05,
19.21,
17.01,
16.05,
19.21,
16.05,
16.05,
19.57,
19.21,
19.21,
19.21,
46.15,
45.02,
41.78,
37.09,
21.69,
47.08,
8.03,
7.9,
8.03,
25.43,
8.03,
8.03,
8.03,
25.43,
26.15,
21.09,
21.09,
19.84,
14.75,
12.14,
10.5,
26.92,
31.87,
34.98,
28.34,
26.24,
29.18,
23.49,
4.27,
10.17,
4.53,
4.83,
9.26,
5.31,
5.84,
8.42,
5.12,
5.45,
8.28,
7.18,
7.3,
9.14,
15.8,
6.58,
10.61,
11.47,
5.07,
35.96,
35.96,
41.61,
28.69,
35.96,
41.61,
4.47,
5.31,
35.96,
35.96,
21.32,
24.41,
35.96,
35.96,
7.45,
7.95,
4.48,
6.08,
29.14,
30.67,
11.56,
12.79,
7.89,
1.71,
68.78,
29.5,
23.4,
16.19,
16.63,
19.69,
17.55,
23.58,
19.95,
21.29,
15.31,
6.45,
8.02,
6.45,
8.02,
8.02,
9.58,
48.79,
48.79,
48.79,
27.6,
11.52,
19.85,
7.44,
6.78,
11.79,
25.1,
44.41,
43.85,
89.7,
18.75,
9.6,
7.92,
12.6,
7.14,
15.83,
6.52,
4.39,
5.5,
10.76,
7.85,
9.3,
7.08,
14.7,
33.73,
9.17,
12.6,
4.81,
14.07,
4.49,
12.14,
16,
16,
16.39,
5.11,
63.07,
19.29,
19.29,
19.29,
19.29,
19.29,
19.29,
48.13,
10.9,
10.9,
10.9,
13.12,
36,
32.64,
17.53,
6.68,
16.46,
10.35,
7.08,
15.62,
18.42,
15.6,
15.88,
123.16,
33.87,
40.65,
72.66,
8.78,
23.43,
270.25,
252.94,
5891.54,
837.58,
684.25,
320.68,
107.47,
109.19,
861.25,
601.74,
15.77,
17.69,
21.91,
16.54,
23.12,
19.42,
17.4,
19.9,
26.42,
21.37,
23.86,
29.37,
31.46,
13.6,
15.32,
18.47,
22.11,
16.96,
20.07,
12.74,
14.59,
142.54,
517.5,
53.94,
21.86,
22.83,
19.62,
42.46,
38.47,
33.13,
29.57,
23.15,
26.22,
16.96,
19.55,
21.59,
44.31,
40.17,
37.35,
34.85,
32.58,
27.38,
25.33,
22.56,
21.19,
39.36,
31.33,
28.16,
25.36,
1001.2,
59.36,
26.87,
1,
43.45,
1.05,
31.33,
18.07,
21.41,
23.31,
18.47,
21.41,
26.16,
43.34,
34.87,
26.86,
22.55,
21.52,
39.01,
31.19,
23871.74,
3.62,
4.8,
32.63,
835.49,
27.92,
1101.92,
1941.82,
228.79,
72.43,
32.3,
10.87,
35.29,
114.49,
148.13,
31.03,
35.97,
31.03,
31.03,
31.03,
4144.56,
111.71,
13.55,
38.56,
24.45,
15.47,
15.47,
24.98,
11.89,
12.36,
17.05,
13.32,
19.62,
14.97,
35.48,
27.3,
21.86,
31.54,
23.78,
20.15,
20.14,
22.36,
18.42,
71.53,
31.03,
34.91,
34.91,
15.71,
27.82,
26.91,
30.92,
23.12,
40.45,
45.36,
18.8,
31.03,
20.59,
23.12,
24.87,
27.82,
35.97,
14.67,
16.85,
55.22,
37.52,
72.99,
26.36,
61.4,
68.74,
46.51,
50.09,
34.57,
38.25,
74.28,
30.92,
35.97,
12.48,
23.12,
16.85,
14.67,
39.23,
18.8,
24.87,
20.59,
27.82,
71.79,
35.32,
27.82,
24.87,
35.32,
39.23,
23.12,
12.48,
14.64,
16.85,
20.59,
18.8,
18.42,
23.49,
26.91,
25.62,
32.33,
40.45,
32.32,
26.91,
87.88,
24.87,
18.04,
27.82,
31.03,
34.91,
106.41,
4213,
248.29,
72.46,
12.77,
715.28,
448.96,
218.28,
28.83,
15.25,
7.19,
36.83,
3.12,
17.15,
22.99,
19.03,
21.16,
2.5,
6.44,
7.4,
2.82,
5.76,
7.26,
5.61,
5.16,
3.4,
4.92,
20.3,
8.63,
12.2,
48.19,
13.1,
12.63,
84.81,
4.14,
8.44,
4.85,
8.68,
4.8,
6.68,
17.85,
10.76,
2.46,
8.49,
7.62,
7.45,
13.93,
19.19,
1.62,
27.01,
5.55,
6.42,
12.86,
4.29,
7.98,
6.04,
25.97,
5.36,
2.43,
2.98,
3.25,
14.98,
164.4,
6.73,
65.09,
5.13,
162.32,
27.74,
6.1,
4.09,
8.71,
11.72,
4.49,
5.45,
3.65,
9.52,
4.84,
7.64,
6.98,
17.36,
15.41,
6.27,
14.39,
4.24,
7.28,
91.83,
3.7,
8.51,
48.07,
2.15,
29.96,
1.43,
23.11,
48.2,
8.15,
45.93,
73.36,
15.5,
115.71,
115.71,
19.8,
23.3,
22.47,
27.69,
38.12,
6.74,
172.96,
52.06,
35.42,
19.27,
72.82,
72.88,
114.66,
46.71,
3.24,
3.38,
20.57,
28.75,
14.32,
33.14,
56.74,
66.69,
81.26,
8.51,
14.8,
20.47,
21.17,
129.32,
3.29,
129.54,
39.55,
110.37,
15.48,
48.05,
30.94,
13.99,
61.48,
63.96,
9.21,
10.64,
11.94,
12.8,
12.75,
94.71,
7.93,
10.88,
12.91,
17.14,
18.52,
18.87,
16.69,
42.5,
0.33,
4.25,
2.34,
67.99,
51.72,
30.66,
258.75,
238.02,
59.52,
79.2,
1.8,
8.23,
11.39,
16.25,
67.07,
13.08,
5.67,
65.15,
27.38,
5.23,
74.7,
10.45,
33.81,
43.64,
26.42,
8.98,
9.82,
5.54,
11.4,
138.75,
15.14,
106.94,
12.33,
14.01,
14.7,
16.01,
19.37,
1.97,
12.97,
7.28,
19.96,
14.08,
172.91,
169.04,
14.4,
93.25,
201.62,
53.45,
8.08,
11.09,
10.89,
9.12,
8.46,
10.6,
13.39,
11.33,
4.34,
7.31,
6.81,
440.36,
258.82,
162.74,
76.15,
4.46,
22.87,
31.59,
29.65,
17.67,
8.15,
8.61,
62.12,
17.99,
8.32,
97.93,
 colored 100% synthetic fiber,
97.93,
98.83,
97.93,
 colored 100% synthetic fiber,
 colored 100% synthetic fiber,
123.13,
 colored 100% synthetic fiber,
 colored 100% synthetic fiber,
123.13,
123.13,
 colored 100% synthetic fiber,
115.93,
129.62,
121.15,
129.62,
129.62,
 colored 100% synthetic fiber,
 colored 100% synthetic fiber,
 colored 100% synthetic fiber,
 colored 100% synthetic fiber,
 colored 100% synthetic fiber,
 colored 100% synthetic fiber,
 colored 100% synthetic fiber,
 colored 100% synthetic fiber,
 colored 100% synthetic fiber,
53.83,
110.49,
70.56,
59.23,
 colored 100% synthetic fiber,
 colored 100% synthetic fiber,
 colored 100% synthetic fiber,
 colored 100% synthetic fiber,
172.99,
32.02,
 colored 100% synthetic fiber,
 colored 100% synthetic fiber,
 colored 100% synthetic fiber,
156.62,
11.93,
10.94,
14.98,
67.33,
79.75,
156.62,
145.45,
156.62,
156.62,
156.62,
126.19,
126.19,
126.19,
126.19,
118.63,
126.19,
123.13,
123.13,
92.89,
39.61,
57.94,
115.03,
100.64,
110.17,
110.31,
26.93,
123.13,
32.97,
45.66,
129.62,
129.62,
97.93,
97.93,
6.8,
194.67,
109.73,
48.45,
112.24,
73.2,
5.94,
12.06,
424.67,
12.37,
90.01,
23.81,
99.02,
80.11,
80.11,
99.02,
26.16,
3.46,
28.52,
4.83,
16.97,
141.74,
243.92,
74.84,
197.86,
116.12,
116.12,
116.12,
116.12,
36.19,
5.98,
10.49,
6,
77.71,
101.89,
16.35,
24.17,
13.25,
14.89,
4.95,
6,
8.68,
8.23,
5.98,
78.98,
18.91,
25.56,
41.24,
8.08,
6.71,
5.66,
162.02,
29.89,
 non scratching.,
29.84,
29.84,
29.84,
2.84,
41.98,
10.76,
55.55,
28.81,
22.91,
72.31,
93.32,
35.64,
18.43,
360.18,
103.27,
5.56,
172.36,
26.14,
25.56,
53.79,
7.53,
185.9,
74.75,
23.21,
32.57,
50.6,
26.45,
63.96,
221.29,
65.55,
5.02,
45.9,
38.35,
63.38,
59.27,
38.18,
105.52,
83.95,
65.55,
129.57,
137.38,
66.62,
35.01,
9.93,
36.52,
424.94,
8.15,
9.76,
4.28,
56.84,
505.63,
56.21,
36.03,
29.99,
13.15,
64.87,
77.91,
29.55,
114.69,
10.99,
87,
47.92,
103.66,
349.32,
101.37,
70.56,
31.48,
4.52,
58.38,
24.1,
22.29,
38.38,
51.63,
37.76,
87.48,
591.26,
150.22,
113.21,
42.6,
28.49,
709.11,
56.86,
90.67,
119.65,
55.41,
60.65,
161.2,
937.22,
93.04,
63,
34.1,
73.33,
65.82,
33.05,
75.86,
39.18,
 100 pads absorbs up to 24 gallons.,
26.4,
35.58,
298.45,
57.34,
34.25,
33.94,
35.34,
135.7,
542.9,
66.42,
59.32,
61.23,
12.64,
4.03,
57.46,
39.97,
39.15,
230.56,
74.98,
11.49,
478.88,
30.22,
81.39,
369.28,
747.24,
65.76,
55.23,
78.12,
58.96,
98.04,
35,
63.47,
67.22,
83.4,
74.31,
48.38,
21.07,
533.47,
29.61,
107.71,
146.37,
89.47,
60.1,
152.85,
56.12,
50.61,
71.53,
68.08,
66.44,
30.95,
80.21,
67.38,
59.89,
84.49,
523.6,
110.34,
38.22,
31.65,
47.61,
47.99,
706.78,
241.47,
177.04,
231.02,
76.2,
189.54,
377.59,
57.78,
221.82,
55.65,
74.64,
54.99,
50.59,
40,
40.58,
295.19,
92.13,
23.22,
24.81,
36.42,
31.56,
38.3,
139.73,
53.2,
55.68,
78.29,
74.97,
31.07,
71.78,
36.61,
71.82,
73.06,
25.81,
58.89,
55.65,
73.81,
9.27,
50.56,
89.7,
49.11,
57.86,
58.95,
79.59,
79.36,
45.47,
70.63,
56.07,
44.76,
67.99,
627.08,
687.32,
104.49,
76.05,
92.25,
96.18,
61.31,
88.21,
127.63,
94.38,
16.79,
54.43,
398.53,
53.79,
47.37,
59.64,
327.88,
63.76,
55.5,
44.85,
24.63,
43.37,
65.11,
96.06,
331.29,
1001.36,
530.24,
59.74,
80.92,
43.66,
69.29,
37.55,
50.48,
512.83,
24.55,
843.71,
105.24,
65.23,
679.84,
89.5,
172.79,
258.9,
84.16,
98.8,
154.84,
248.22,
107.96,
85.03,
67.59,
49.93,
265.1,
214.3,
36.95,
88.2,
836.44,
104.28,
55.81,
253,
66.16,
123.94,
652.96,
1503.85,
75.48,
101.39,
69.82,
64.43,
143.75,
592.25,
32.01,
77.91,
26.85,
54.21,
32.91,
61.38,
87.87,
51.91,
64.33,
635.9,
111.55,
62.78,
85.24,
78.98,
 loosens and lifts carbonized grease and food soil upon contact on hot griddle for easy removal,
 loosens and lifts carbonized grease and food soil upon contact on hot griddle for easy removal,
95.78,
 loosens and lifts carbonized grease and food soil upon contact on hot griddle for easy removal,
43.99,
8.96,
77.38,
68.44,
72,
52.16,
73.84,
138.24,
101.37,
60.52,
41.18,
20.71,
45.11,
46.6,
51.74,
59.93,
32.95,
92.85,
63.73,
71.05,
602.91,
93.45,
67.78,
68.6,
557.15,
1988,
447.55,
14.65,
299.29,
308.23,
265.57,
164.51,
47.81,
145.43,
65.33,
65.69,
129.27,
64.06,
57.56,
218.14,
223.57,
22.98,
6.59,
16.8,
217.59,
178.92,
1315.97,
34.49,
56.99,
57.24,
52.15,
39.01,
18,
39.01,
18,
18.76,
39.76,
80.05,
94.51,
113.08,
75.24,
57.74,
67.26,
79.36,
699.9,
67.22,
758.22,
666.94,
76.06,
90.7,
107.47,
1495.98,
5.07,
9.85,
62.9,
136.79,
44.07,
27.58,
30.36,
43.98,
41.99,
38.93,
41.54,
37.9,
44.85,
52.9,
56.35,
6.23,
63.25,
33.95,
91.43,
54.44,
50.58,
55.17,
38.64,
51.03,
17.53,
151.99,
110.83,
125.29,
8.05,
5.22,
80.97,
48.35,
66.22,
169.21,
97.67,
79.45,
28.72,
49.46,
35.2,
63.03,
69.12,
47.92,
51.31,
85.1,
62.26,
68,
37.5,
39.92,
40.47,
18.4,
19.55,
15.65,
68.25,
19.76,
26.05,
32.44,
27.83,
249.45,
21.39,
40.17,
60.94,
48.59,
57.36,
5.22,
69.37,
9.64,
326.91,
10.24,
15.5,
58.87,
28.69,
51.64,
15.53,
16.1,
32.45,
21.28,
25.86,
35.13,
31.92,
42.64,
20.99,
19.99,
32.53,
24.52,
42.44,
30.22,
43.7,
36.8,
81.26,
49.11,
53.22,
23.64,
18.5,
20.7,
25.22,
46.21,
39.5,
59.24,
54.46,
67.83,
15.32,
14.96,
17.19,
28.23,
14.56,
28.39,
22.61,
23.51,
29.87,
19.11,
20.82,
12.97,
17.5,
27.9,
30.14,
24.12,
22.59,
26.77,
33.63,
22.78,
22.9,
18.76,
20.52,
30.11,
35.5,
30.9,
35.02,
18.29,
27.16,
32.66,
19.14,
27.37,
25.4,
38.18,
23.6,
25.86,
19.32,
29.93,
21.48,
25.59,
21.98,
21.74,
27.13,
20.8,
19.29,
21.74,
21.74,
7.67,
9.86,
7.52,
31.08,
132.25,
205.41,
31.54,
31.54,
33.58,
26.31,
34.3,
29.26,
17.22,
26.47,
29.75,
18.5,
27.5,
9.04,
10.44,
11.45,
10.42,
41.4,
37.32,
57.95,
39.04,
17.65,
36.06,
42.3,
39.7,
28.26,
 outer flaps meet when closed. Style RSC. Maximum weight of box and contents is 95 lbs. Single-walled box falls into the domestic service class and is not wea,
 outer flaps meet when closed. Style RSC. Maximum weight of box and contents is 95 lbs. Single-walled box falls into the domestic service class and is not wea,
 outer flaps meet when closed. Style RSC. Maximum weight of box and contents is 95 lbs. Single-walled box falls into the domestic service class and is not wea,
 outer flaps meet when closed. Style RSC. Maximum weight of box and contents is 95 lbs. Single-walled box falls into the domestic service class and is not wea,
 outer flaps meet when closed. Style RSC. Maximum weight of box and contents is 95 lbs. Single-walled box falls into the domestic service class and is not wea,
 outer flaps meet when closed. Style RSC. Maximum weight of box and contents is 95 lbs. Single-walled box falls into the domestic service class and is not wea,
34.16,
5.32,
7.49,
65.18,
41.6,
25.53,
37.24,
24.23,
195.89,
56.73,
135.23,
45.87,
 outer flaps meet when closed. Style RSC. Maximum weight of box and contents is 65 lbs. Single-walled box falls into the domestic service class and is not wea,
 outer flaps meet when closed. Style RSC. Maximum weight of box and contents is 65 lbs. Single-walled box falls into the domestic service class and is not wea,
 outer flaps meet when closed. Style RSC. Maximum weight of box and contents is 95 lbs. Single-walled box falls into the domestic service class and is not wea,
 outer flaps meet when closed. Style RSC. Maximum weight of box and contents is 95 lbs. Single-walled box falls into the domestic service class and is not wea,
127.17,
150.86,
66.39,
113.18,
80.03,
114.46,
67.79,
75.77,
80.67,
37.65,
37.97,
64.11,
 with short inner flaps. Style RSC. Maximum weight of box and contents is 50 lbs. Single-walled weather-resistant box. This corrugat,
58.66,
53.53,
80.3,
103.82,
157.23,
128.73,
110.37,
109.94,
120.85,
8.53,
9.6,
17.49,
126.02,
56.04,
74.45,
 outer flaps meet when closed. Style RSC. Maximum weight of box and contents is 65 lbs. Single-walled box falls into the domestic service class and is not wea,
 outer flaps meet when closed. Style RSC. Maximum weight of box and contents is 65 lbs. Single-walled box falls into the domestic service class and is not wea,
 outer flaps meet when closed. Style RSC. Maximum weight of box and contents is 65 lbs. Single-walled box falls into the domestic service class and is not wea,
 outer flaps meet when closed. Style RSC. Maximum weight of box and contents is 65 lbs. Single-walled box falls into the domestic service class and is not wea,
 outer flaps meet when closed. Style RSC. Maximum weight of box and contents is 65 lbs. Single-walled box falls into the domestic service class and is not wea,
26.65,
169.66,
119.47,
167.82,
107.43,
70.77,
135.53,
149.58,
58.06,
73.32,
144.34,
81.41,
167.53,
98.81,
89.63,
28.26,
56.86,
63.75,
49.75,
59.52,
30.99,
135.87,
150.28,
202.01,
38.69,
31.06,
311.42,
136.63,
25.77,
28.06,
3.42,
34.04,
43.79,
 outer flaps meet when closed. Style RSC. Maximum weight of box and contents is 95 lbs. Single-walled box falls into the domestic service class and is not wea,
5.31,
8.44,
7.04,
7.54,
28.7,
28.81,
37.4,
45.54,
30.18,
38.9,
57.76,
107.87,
80.14,
61.84,
26.88,
107.84,
70.18,
15.72,
14.12,
15.33,
10.82,
21.69,
26,
90.54,
73.58,
18.79,
24.24,
35.99,
25.35,
24.24,
119.44,
82.51,
158.84,
6.16,
90.82,
203.31,
205.7,
57.72,
207.61,
211.31,
125.06,
17.6,
1.82,
5.89,
2.1,
13.55,
430.84,
308.2,
430.36,
311.42,
6.83,
172.31,
174.19,
179.36,
181.34,
172.53,
10.76,
72.82,
41.92,
60.65,
72.9,
54.02,
43.19,
55.75,
84.17,
52.42,
57.03,
29.43,
106.78,
73.9,
173.32,
132.72,
149.89,
74.37,
71.59,
71.79,
60.28,
45.86,
10.48,
9.17,
104.68,
104.68,
201.86,
142.39,
146.44,
134.33,
135.8,
140.86,
97.18,
146.44,
104.68,
126.15,
135.78,
70.79,
78.59,
29.6,
34.58,
304.3,
32.5,
88.84,
120.21,
76.85,
55.06,
42.1,
28.7,
31.56,
5.96,
277.73,
77.1,
407.1,
59.44,
22.91,
46.36,
174.57,
7.02,
92.97,
83.67,
48.85,
139.66,
179.01,
64.16,
82.19,
54.05,
112.9,
126.29,
152.64,
73.78,
55.06,
336.49,
529,
47.74,
184.5,
488.06,
500.7,
63.11,
127.63,
157.83,
56.89,
6.42,
105.09,
392.05,
392.05,
392.05,
49.57,
541.55,
392.05,
541.55,
392.05,
392.05,
147.78,
50.55,
66.24,
517.88,
2.15,
18.96,
15.86,
10.31,
19.91,
25.24,
18.91,
6.22,
62.42,
78.56,
95.81,
170.02,
21.9,
48.2,
33.02,
44.28,
118.93,
134.03,
64.23,
32.69,
4.57,
10.64,
31.46,
86.14,
33.35,
8.77,
8.23,
8.36,
7.76,
8.29,
35.88,
25.35,
 4-1/4 inch. These light duty work gloves are made of cotton flannel.,
8.87,
8.43,
98.32,
8.37,
98.32,
95.1,
92.46,
97.98,
8.37,
8.37,
75.9,
90.46,
1.31,
20.75,
14.38,
7.88,
8.74,
7.88,
21.82,
6.77,
15.1,
15.1,
15.1,
15.1,
10.11,
10.11,
10.11,
10.11,
10.11,
32.03,
32.63,
32.63,
32.63,
32.03,
23.25,
23.25,
31.5,
31.5,
31.5,
130.32,
130.32,
130.32,
130.32,
130.32,
130.32,
16.13,
25.13,
44.29,
41.25,
33.01,
86.26,
39.76,
33.01,
45.76,
67.51,
41.25,
 card holder 2.5 x 3.75 inches,H
 card holer 2.5 x 3.75 inches,H
62.26,
15.76,
33.01,
7.74,
7.56,
33.01,
825.1,
38.88,
62.99,
20.58,
49.45,
44.31,
44.31,
39.69,
33.49,
44.31,
118.97,
54.67,
61.51,
13.43,
62.66,
38.01,
75.91,
32.2,
99.19,
15.83,
16.96,
5.46,
8.05,
5.4,
8.05,
22.04,
69.89,
105.85,
42.63,
43.7,
102.37,
5.57,
8.63,
52.44,
79.66,
7.03,
33.15,
45.16,
51.18,
63.31,
13.88,
17.03,
61.43,
57.5,
87.35,
8.54,
64.1,
29.76,
75.66,
10.14,
24.33,
27.46,
7.39,
22.89,
32.52,
20.25,
91.34,
197.8,
84.01,
54.82,
12.96,
79.2,
38.26,
26.51,
30.95,
78.87,
34.75,
59.06,
79.76,
29.89,
54.22,
31.07,
85.27,
57.19,
62.78,
22.8,
57.83,
48.65,
53.22,
56.21,
55.42,
57.17,
102.41,
104.11,
129.9,
68.24,
65.3,
68.34,
85.51,
68.24,
77.65,
60.93,
63.19,
57.71,
72.17,
129.9,
73.09,
83.36,
102.41,
54.39,
102.09,
108.92,
77.11,
52.21,
66.65,
69.01,
90.95,
74.91,
49.26,
98.45,
92.4,
115.6,
61.78,
32.09,
10.49,
53.65,
86.03,
55.67,
103.12,
74.33,
87.86,
49.85,
54.83,
20.65,
22.72,
4.39,
3.96,
47.44,
41.53,
41.98,
26.31,
87.18,
106.01,
85.36,
9.42,
86.85,
17.28,
30.45,
63.87,
9.6,
44.26,
66.39,
68.31,
61.35,
54.54,
130.76,
66.61,
45.39,
68.99,
51.16,
55.65,
31.13,
31.19,
30.25,
20.45,
29.97,
33.43,
41.96,
38.21,
33.43,
41.93,
28,
30.28,
48.75,
33.55,
63.41,
58.22,
1.58,
0.81,
107.52,
23,
14.95,
20.47,
24.15,
22.89,
11.5,
51.07,
60.72,
45.15,
44.71,
12.65,
16.45,
 opens on three sides. To be used with hot laminating machines.,
 opens on three sides. To be used with hot laminating machines.,
 opens on three sides. To be used with hot laminating machines.,
 opens on three sides. To be used with hot laminating machines.,
90.85,
26.54,
17.79,
59.2,
17.24,
17.6,
2.81,
47.15,
45.51,
16.07,
89.51,
94.48,
1.67,
33.93,
18.76,
18.76,
18.76,
18.76,
32.14,
59.96,
3.86,
32.14,
46,
8.76,
8.76,
28.93,
65.29,
119.34,
20.64,
40.64,
2.27,
76.62,
26.27,
28.21,
2.09,
16.33,
11.68,
52.8,
53.72,
2.58,
6.73,
5.27,
31.88,
33.03,
36.75,
52.84,
24.14,
6.56,
7.99,
7.1,
7.1,
26.45,
4.45,
4.52,
8.04,
7.05,
7.05,
7.05,
3.97,
8.76,
8.76,
8.76,
180.29,
173.55,
119.31,
114.94,
114.94,
4.4,
5.16,
13.5,
12.07,
14.13,
18.76,
14.13,
23.56,
